broad_id	pert_id	deprecated_broad_id	deprecated_pert_id
BRD-K76894955-001-02-1	BRD-K76894955	BRD-K94313941-001-01-9	BRD-K94313941
BRD-K17443395-065-03-0	BRD-K17443395	BRD-M55852627-065-01-7	BRD-M55852627
BRD-K17443395-065-02-2	BRD-K17443395	BRD-A95032015-065-01-2	BRD-A95032015
BRD-K17443395-065-01-4	BRD-K17443395	BRD-M42309903-065-03-5	BRD-M42309903
BRD-K50071428-001-03-3	BRD-K50071428	BRD-K00111504-001-01-9	BRD-K00111504
BRD-K24048528-001-02-5	BRD-K24048528	BRD-K16133773-001-01-9	BRD-K16133773
BRD-K53448858-001-09-6	BRD-K53448858	BRD-K04797704-001-01-9	BRD-K04797704
BRD-K26262077-238-01-5	BRD-K26262077	BRD-M41783010-238-03-5	BRD-M41783010
BRD-K44276885-001-08-2	BRD-K44276885	BRD-A16444946-001-09-7	BRD-A16444946
BRD-K44276885-001-07-4	BRD-K44276885	BRD-K01621533-001-01-1	BRD-K01621533
BRD-K42938903-332-01-1	BRD-K42938903	BRD-K92986184-050-01-7	BRD-K92986184
BRD-K59058747-001-20-9	BRD-K59058747	BRD-K67174965-001-02-7	BRD-K67174965
BRD-K26060080-065-05-6	BRD-K26060080	BRD-M27046829-065-02-5	BRD-M27046829
BRD-K01577834-001-16-9	BRD-K01577834	BRD-K63038995-001-01-4	BRD-K63038995
BRD-A18074780-003-02-0	BRD-A18074780	BRD-A79038507-003-02-3	BRD-A79038507
BRD-A18074780-003-04-6	BRD-A18074780	BRD-A79038507-003-03-1	BRD-A79038507
BRD-K49522529-001-02-9	BRD-K49522529	BRD-K92644009-001-02-6	BRD-K92644009
BRD-K49522529-001-03-7	BRD-K49522529	BRD-K84280765-001-01-5	BRD-K84280765
BRD-K30020243-051-04-1	BRD-K30020243	BRD-M18497616-051-03-6	BRD-M18497616
BRD-K30020243-051-03-3	BRD-K30020243	BRD-K30020243-001-01-2	BRD-K30020243
BRD-K83003151-057-02-4	BRD-K83003151	BRD-K83003151-001-03-0	BRD-K83003151
BRD-K83003151-057-01-6	BRD-K83003151	BRD-K83003151-001-02-2	BRD-K83003151
BRD-K02074536-001-02-7	BRD-K02074536	BRD-A63615100-001-03-9	BRD-A63615100
BRD-K02074536-001-03-5	BRD-K02074536	BRD-A63615100-001-02-1	BRD-A63615100
BRD-K02074536-001-03-5	BRD-K02074536	BRD-A82191553-001-01-4	BRD-A82191553
BRD-K91188791-001-18-3	BRD-K91188791	BRD-A12987505-001-01-9	BRD-A12987505
BRD-K52459643-001-17-7	BRD-K52459643	BRD-K73691377-001-01-6	BRD-K73691377
BRD-K83988098-001-02-0	BRD-K83988098	BRD-K23499943-003-01-6	BRD-K23499943
BRD-K56558538-003-14-3	BRD-K56558538	BRD-K11223672-003-05-2	BRD-K11223672
BRD-K43802723-340-01-9	BRD-K43802723	BRD-M56591481-002-01-8	BRD-M56591481
BRD-K88043978-002-09-7	BRD-K88043978	BRD-U46375448-000-01-5	BRD-U46375448
BRD-K88043978-315-03-6	BRD-K88043978	BRD-K50698959-315-01-8	BRD-K50698959
BRD-K88043978-002-10-5	BRD-K88043978	BRD-U73512331-000-01-9	BRD-U73512331
BRD-K97799481-230-01-7	BRD-K97799481	BRD-M53001068-230-06-8	BRD-M53001068
BRD-K87544030-001-02-8	BRD-K87544030	BRD-A86736466-001-05-9	BRD-A86736466
BRD-K80267133-001-17-7	BRD-K80267133	BRD-M65097687-001-19-1	BRD-M65097687
BRD-K80267133-001-18-5	BRD-K80267133	BRD-M65097687-001-18-3	BRD-M65097687
BRD-K80267133-001-19-3	BRD-K80267133	BRD-M65097687-001-20-9	BRD-M65097687
BRD-K91290917-300-01-8	BRD-K91290917	BRD-K73443792-300-04-9	BRD-K73443792
BRD-K55044200-001-16-1	BRD-K55044200	BRD-K08635111-001-04-8	BRD-K08635111
BRD-K55044200-236-04-9	BRD-K55044200	BRD-K39234907-236-01-9	BRD-K39234907
BRD-K55044200-001-15-3	BRD-K55044200	BRD-K58632460-001-01-7	BRD-K58632460
BRD-K27352494-001-04-4	BRD-K27352494	BRD-A75647097-001-03-3	BRD-A75647097
BRD-K27352494-001-05-1	BRD-K27352494	BRD-K94561406-001-01-1	BRD-K94561406
BRD-K27352494-001-06-9	BRD-K27352494	BRD-K82702594-001-02-5	BRD-K82702594
BRD-K27352494-001-06-9	BRD-K27352494	BRD-K69849489-001-01-1	BRD-K69849489
BRD-K68432770-341-07-2	BRD-K68432770	BRD-K94927753-341-01-3	BRD-K94927753
BRD-K68346641-001-02-2	BRD-K68346641	BRD-K98490050-001-02-6	BRD-K98490050
BRD-K03504028-001-08-4	BRD-K03504028	BRD-K11478426-001-01-4	BRD-K11478426
BRD-A74328360-409-01-0	BRD-A74328360	BRD-U39828521-000-01-2	BRD-U39828521
BRD-A48261811-001-08-1	BRD-A48261811	BRD-A10012892-001-01-9	BRD-A10012892
BRD-K39621635-001-09-7	BRD-K39621635	BRD-A45966947-001-02-8	BRD-A45966947
BRD-K39621635-001-08-9	BRD-K39621635	BRD-K17916327-001-02-5	BRD-K17916327
BRD-K39621635-001-06-3	BRD-K39621635	BRD-K12393844-001-01-8	BRD-K12393844
BRD-K13112821-001-18-2	BRD-K13112821	BRD-K27678847-001-06-1	BRD-K27678847
BRD-K13112821-001-17-4	BRD-K13112821	BRD-K01715490-001-01-2	BRD-K01715490
BRD-K54634444-001-05-9	BRD-K54634444	BRD-K17944737-001-02-1	BRD-K17944737
BRD-K54634444-001-04-2	BRD-K54634444	BRD-K65768634-001-01-1	BRD-K65768634
BRD-A85242401-001-12-3	BRD-A85242401	BRD-A08112603-001-04-5	BRD-A08112603
BRD-K35079116-001-03-3	BRD-K35079116	BRD-K88350560-001-01-9	BRD-K88350560
BRD-K08188887-001-02-4	BRD-K08188887	BRD-K56653660-001-01-3	BRD-K56653660
BRD-K69726342-238-03-2	BRD-K69726342	BRD-M94983326-238-03-6	BRD-M94983326
BRD-K69726342-238-02-4	BRD-K69726342	BRD-M94983326-238-02-8	BRD-M94983326
BRD-K01825666-330-02-9	BRD-K01825666	BRD-A93739713-065-04-3	BRD-A93739713
BRD-K01825666-330-01-9	BRD-K01825666	BRD-A27290375-065-01-3	BRD-A27290375
BRD-K01825666-330-01-9	BRD-K01825666	BRD-M93222215-330-02-1	BRD-M93222215
BRD-K32127727-001-04-2	BRD-K32127727	BRD-A77091532-001-01-9	BRD-A77091532
BRD-K45995181-001-06-9	BRD-K45995181	BRD-U68276368-000-01-4	BRD-U68276368
BRD-K45995181-001-04-6	BRD-K45995181	BRD-A28431708-001-01-5	BRD-A28431708
BRD-K45995181-001-05-3	BRD-K45995181	BRD-K63171558-001-01-2	BRD-K63171558
BRD-K03406345-001-27-8	BRD-K03406345	BRD-K55026842-001-01-4	BRD-K55026842
BRD-K47289408-001-02-3	BRD-K47289408	BRD-A57210235-001-01-9	BRD-A57210235
BRD-K74501079-335-01-9	BRD-K74501079	BRD-A37438244-335-01-2	BRD-A37438244
BRD-K74501079-001-18-1	BRD-K74501079	BRD-K73794685-001-01-5	BRD-K73794685
BRD-K60663764-236-04-7	BRD-K60663764	BRD-A95218818-236-05-4	BRD-A95218818
BRD-K60663764-236-05-4	BRD-K60663764	BRD-A95218818-001-01-1	BRD-A95218818
BRD-K60663764-236-03-9	BRD-K60663764	BRD-A46717658-236-03-3	BRD-A46717658
BRD-K62607865-236-02-4	BRD-K62607865	BRD-K36547807-001-03-2	BRD-K36547807
BRD-K62607865-236-01-6	BRD-K62607865	BRD-K41270709-001-01-7	BRD-K41270709
BRD-A41698174-003-13-8	BRD-A41698174	BRD-A10481343-003-03-3	BRD-A10481343
BRD-K49962337-001-02-9	BRD-K49962337	BRD-K99455969-001-02-8	BRD-K99455969
BRD-K49962337-001-01-1	BRD-K49962337	BRD-K98733875-001-01-4	BRD-K98733875
BRD-K69694239-001-02-2	BRD-K69694239	BRD-K22848513-001-01-9	BRD-K22848513
BRD-K82818427-001-04-8	BRD-K82818427	BRD-K25361343-001-01-6	BRD-K25361343
BRD-K97810537-001-13-6	BRD-K97810537	BRD-A11319535-001-03-6	BRD-A11319535
BRD-K97810537-001-14-4	BRD-K97810537	BRD-K97429934-001-01-9	BRD-K97429934
BRD-K97810537-001-14-4	BRD-K97810537	BRD-K76747609-001-02-1	BRD-K76747609
BRD-K73425385-001-01-9	BRD-K73425385	BRD-K47908102-001-01-9	BRD-K47908102
BRD-K13473780-001-02-1	BRD-K13473780	BRD-M11305712-001-07-7	BRD-M11305712
BRD-K87158025-001-01-6	BRD-K87158025	BRD-K97688263-001-03-7	BRD-K97688263
BRD-K04176066-001-09-1	BRD-K04176066	BRD-K18550767-001-03-6	BRD-K18550767
BRD-K74225533-001-12-0	BRD-K74225533	BRD-K34538779-001-01-1	BRD-K34538779
BRD-K12014493-001-02-2	BRD-K12014493	BRD-M80997309-001-09-2	BRD-M80997309
BRD-K00025439-001-01-9	BRD-K00025439	BRD-M00025439-001-01-9	BRD-M00025439
BRD-K58148589-001-03-6	BRD-K58148589	BRD-A66861218-001-04-3	BRD-A66861218
BRD-K58148589-001-02-8	BRD-K58148589	BRD-K95691366-001-01-3	BRD-K95691366
BRD-K34032314-001-04-1	BRD-K34032314	BRD-A80594172-001-04-6	BRD-A80594172
BRD-K34032314-001-03-3	BRD-K34032314	BRD-K57769959-001-01-6	BRD-K57769959
BRD-K45401373-001-21-7	BRD-K45401373	BRD-K15168723-001-01-7	BRD-K15168723
BRD-K45401373-001-22-5	BRD-K45401373	BRD-K38744518-001-01-7	BRD-K38744518
BRD-A80321291-001-02-4	BRD-A80321291	BRD-A66479836-001-03-8	BRD-A66479836
BRD-K89210380-001-14-5	BRD-K89210380	BRD-A36603537-001-13-1	BRD-A36603537
BRD-K89210380-001-13-7	BRD-K89210380	BRD-K95496960-001-01-7	BRD-K95496960
BRD-K80528473-001-04-8	BRD-K80528473	BRD-M10663475-001-02-8	BRD-M10663475
BRD-K80528473-001-05-5	BRD-K80528473	BRD-M10663475-001-03-6	BRD-M10663475
BRD-A89175223-051-15-5	BRD-A89175223	BRD-M21493215-051-04-3	BRD-M21493215
BRD-K73504359-019-01-5	BRD-K73504359	BRD-A64231665-019-01-7	BRD-A64231665
BRD-K20290250-001-02-1	BRD-K20290250	BRD-K50394339-001-04-5	BRD-K50394339
BRD-K20290250-001-01-3	BRD-K20290250	BRD-K50394339-001-03-7	BRD-K50394339
BRD-K13049116-001-05-7	BRD-K13049116	BRD-K47200824-001-01-8	BRD-K47200824
BRD-K50122911-001-02-0	BRD-K50122911	BRD-K70071822-001-01-5	BRD-K70071822
BRD-K88510285-001-25-1	BRD-K88510285	BRD-K50691590-001-05-5	BRD-K50691590
BRD-K88510285-001-22-8	BRD-K88510285	BRD-K50691590-001-02-2	BRD-K50691590
BRD-K77841042-001-15-8	BRD-K77841042	BRD-A84228258-001-05-1	BRD-A84228258
BRD-K77841042-001-14-1	BRD-K77841042	BRD-A84228258-001-04-4	BRD-A84228258
BRD-K68264559-045-03-2	BRD-K68264559	BRD-M06829359-001-01-4	BRD-M06829359
BRD-K68264559-045-04-0	BRD-K68264559	BRD-M06829359-001-02-2	BRD-M06829359
BRD-K74913225-001-14-0	BRD-K74913225	BRD-A82599487-001-01-9	BRD-A82599487
BRD-K14496212-066-04-8	BRD-K14496212	BRD-A80151636-066-04-8	BRD-A80151636
BRD-K01825692-001-01-9	BRD-K01825692	BRD-A94624445-001-01-2	BRD-A94624445
BRD-A34299591-001-29-9	BRD-A34299591	BRD-A60571864-001-04-1	BRD-A60571864
BRD-A34299591-001-31-5	BRD-A34299591	BRD-K17742695-001-01-1	BRD-K17742695
BRD-K68567222-001-01-2	BRD-K68567222	BRD-A22713669-001-02-7	BRD-A22713669
BRD-K86882815-001-05-7	BRD-K86882815	BRD-K34586087-001-01-7	BRD-K34586087
BRD-K76819217-001-02-2	BRD-K76819217	BRD-A95114378-001-01-4	BRD-A95114378
BRD-K76819217-001-01-4	BRD-K76819217	BRD-A07738941-001-01-5	BRD-A07738941
BRD-K77175907-001-10-6	BRD-K77175907	BRD-K34907920-001-01-6	BRD-K34907920
BRD-K27316855-001-19-0	BRD-K27316855	BRD-K28731095-001-01-7	BRD-K28731095
BRD-K35952844-238-02-0	BRD-K35952844	BRD-M41172429-238-02-8	BRD-M41172429
BRD-K35952844-238-01-2	BRD-K35952844	BRD-K74392481-001-01-3	BRD-K74392481
BRD-K61192372-001-08-9	BRD-K61192372	BRD-A91877226-001-01-4	BRD-A91877226
BRD-K61192372-001-07-1	BRD-K61192372	BRD-K15574380-001-01-0	BRD-K15574380
BRD-K54529596-001-28-9	BRD-K54529596	BRD-K96855766-001-01-9	BRD-K96855766
BRD-K56735750-001-09-2	BRD-K56735750	BRD-K06386100-001-01-9	BRD-K06386100
BRD-K78712176-001-15-8	BRD-K78712176	BRD-A69512159-001-06-5	BRD-A69512159
BRD-K90947825-001-03-5	BRD-K90947825	BRD-K11626735-318-08-7	BRD-K11626735
BRD-K90947825-001-05-0	BRD-K90947825	BRD-M80278122-318-03-3	BRD-M80278122
BRD-K90947825-001-02-7	BRD-K90947825	BRD-K64763651-001-01-1	BRD-K64763651
BRD-K90947825-001-04-3	BRD-K90947825	BRD-M80278122-318-02-5	BRD-M80278122
BRD-K25095405-001-01-5	BRD-K25095405	BRD-A25157829-001-01-3	BRD-A25157829
BRD-K16338837-001-02-6	BRD-K16338837	BRD-K19859123-001-01-3	BRD-K19859123
BRD-K09619322-001-03-8	BRD-K09619322	BRD-K25737009-001-04-6	BRD-K25737009
BRD-K27130738-236-15-8	BRD-K27130738	BRD-A23933379-236-04-9	BRD-A23933379
BRD-K17903788-236-03-5	BRD-K17903788	BRD-A02439449-236-04-8	BRD-A02439449
BRD-K72167406-001-04-7	BRD-K72167406	BRD-A39056513-001-04-6	BRD-A39056513
BRD-K72167406-001-03-9	BRD-K72167406	BRD-K05878591-001-01-2	BRD-K05878591
BRD-K48470486-236-12-4	BRD-K48470486	BRD-A97040294-236-04-6	BRD-A97040294
BRD-K22641081-304-01-8	BRD-K22641081	BRD-K72150952-304-01-5	BRD-K72150952
BRD-K22641081-001-01-0	BRD-K22641081	BRD-A42969929-001-01-9	BRD-A42969929
BRD-K34058848-304-03-1	BRD-K34058848	BRD-A65872513-304-01-7	BRD-A65872513
BRD-K02292852-001-04-7	BRD-K02292852	BRD-A73079885-001-01-1	BRD-A73079885
BRD-K37848908-001-06-4	BRD-K37848908	BRD-A38738672-001-01-3	BRD-A38738672
BRD-K72339976-065-03-9	BRD-K72339976	BRD-K37910175-065-03-0	BRD-K37910175
BRD-K72339976-065-04-7	BRD-K72339976	BRD-K20284063-065-01-8	BRD-K20284063
BRD-K72339976-065-02-1	BRD-K72339976	BRD-K02689172-065-01-8	BRD-K02689172
BRD-K78364995-236-19-1	BRD-K78364995	BRD-K99586414-236-04-9	BRD-K99586414
BRD-K92872987-001-02-9	BRD-K92872987	BRD-A39975020-001-01-9	BRD-A39975020
BRD-A34205213-001-04-7	BRD-A34205213	BRD-A87387433-001-03-5	BRD-A87387433
BRD-K24871708-001-01-4	BRD-K24871708	BRD-A85137183-001-03-8	BRD-A85137183
BRD-K03907181-236-07-6	BRD-K03907181	BRD-A86462796-236-04-8	BRD-A86462796
BRD-K52117081-396-01-8	BRD-K52117081	BRD-A73933229-396-01-8	BRD-A73933229
BRD-K82960980-003-01-9	BRD-K82960980	BRD-K75097379-003-01-8	BRD-K75097379
BRD-K82960980-003-03-5	BRD-K82960980	BRD-K15436267-003-01-6	BRD-K15436267
BRD-K82960980-003-02-7	BRD-K82960980	BRD-K21017401-003-02-1	BRD-K21017401
BRD-K96734425-324-01-5	BRD-K96734425	BRD-K38010979-324-03-7	BRD-K38010979
BRD-K02733959-236-07-7	BRD-K02733959	BRD-A76746748-236-04-5	BRD-A76746748
BRD-A22303829-001-02-4	BRD-A22303829	BRD-A36322567-001-02-4	BRD-A36322567
BRD-K90733503-001-10-3	BRD-K90733503	BRD-A37536726-001-04-2	BRD-A37536726
BRD-K90733503-001-09-5	BRD-K90733503	BRD-K64997193-001-01-0	BRD-K64997193
BRD-K68904758-001-04-3	BRD-K68904758	BRD-A70157906-001-01-3	BRD-A70157906
BRD-K68904758-001-03-5	BRD-K68904758	BRD-K99571587-001-01-6	BRD-K99571587
BRD-K49880111-236-10-0	BRD-K49880111	BRD-K25085912-236-01-4	BRD-K25085912
BRD-K96194081-001-12-8	BRD-K96194081	BRD-K78936063-001-01-9	BRD-K78936063
BRD-K18135438-001-16-7	BRD-K18135438	BRD-K43723251-001-01-5	BRD-K43723251
BRD-K08111712-001-16-7	BRD-K08111712	BRD-K22969690-001-04-2	BRD-K22969690
BRD-K21452876-003-01-8	BRD-K21452876	BRD-K44275059-003-01-5	BRD-K44275059
BRD-K47114202-001-15-3	BRD-K47114202	BRD-K46579573-001-01-9	BRD-K46579573
BRD-A92960111-314-01-2	BRD-A92960111	BRD-U98640356-000-01-9	BRD-U98640356
BRD-K36207157-001-09-6	BRD-K36207157	BRD-K59058766-003-21-9	BRD-K59058766
BRD-K36207157-001-08-8	BRD-K36207157	BRD-K59058766-001-01-5	BRD-K59058766
BRD-K62779383-001-08-9	BRD-K62779383	BRD-A56749456-001-04-3	BRD-A56749456
BRD-K62779383-001-07-1	BRD-K62779383	BRD-K32793810-001-01-5	BRD-K32793810
BRD-K77300776-001-01-7	BRD-K77300776	BRD-M07056525-001-05-3	BRD-M07056525
BRD-K77300776-001-02-5	BRD-K77300776	BRD-M07056525-001-04-6	BRD-M07056525
BRD-K01029106-001-01-4	BRD-K01029106	BRD-M54429190-001-01-7	BRD-M54429190
BRD-K85518562-236-08-9	BRD-K85518562	BRD-K62370608-001-02-9	BRD-K62370608
BRD-K85518562-236-09-7	BRD-K85518562	BRD-K26556168-236-01-4	BRD-K26556168
BRD-K39079086-001-07-6	BRD-K39079086	BRD-A54537387-001-02-2	BRD-A54537387
BRD-K07220430-001-19-2	BRD-K07220430	BRD-K32256916-001-04-0	BRD-K32256916
BRD-K08699567-001-01-9	BRD-K08699567	BRD-K15901271-001-01-7	BRD-K15901271
BRD-K69172251-001-10-5	BRD-K69172251	BRD-K01228321-318-04-3	BRD-K01228321
BRD-K69172251-001-09-7	BRD-K69172251	BRD-K33494261-407-01-2	BRD-K33494261
BRD-K01827268-396-12-9	BRD-K01827268	BRD-A74441166-396-01-6	BRD-A74441166
BRD-K76792669-001-08-1	BRD-K76792669	BRD-M87682871-001-01-8	BRD-M87682871
BRD-K49668410-001-18-8	BRD-K49668410	BRD-K16762525-001-01-6	BRD-K16762525
BRD-K23586533-003-01-6	BRD-K23586533	BRD-A23034328-003-09-1	BRD-A23034328
BRD-K23586533-001-03-6	BRD-K23586533	BRD-A43673346-001-01-1	BRD-A43673346
BRD-K23586533-001-03-6	BRD-K23586533	BRD-A52252998-001-01-3	BRD-A52252998
BRD-K23586533-003-02-4	BRD-K23586533	BRD-A43673346-003-01-7	BRD-A43673346
BRD-K23586533-003-02-4	BRD-K23586533	BRD-A52252998-003-01-9	BRD-A52252998
BRD-K27771035-001-02-5	BRD-K27771035	BRD-K52542745-001-01-1	BRD-K52542745
BRD-K10799896-001-26-2	BRD-K10799896	BRD-A26095496-001-04-0	BRD-A26095496
BRD-K10799896-001-25-4	BRD-K10799896	BRD-K91981767-001-01-7	BRD-K91981767
BRD-K10799896-001-25-4	BRD-K10799896	BRD-K84443303-001-02-6	BRD-K84443303
BRD-K01244426-323-08-5	BRD-K01244426	BRD-K23933163-323-01-9	BRD-K23933163
BRD-K01825730-304-01-9	BRD-K01825730	BRD-A45839132-304-01-2	BRD-A45839132
BRD-K00259736-001-18-0	BRD-K00259736	BRD-A46684810-001-12-9	BRD-A46684810
BRD-K01666924-319-01-9	BRD-K01666924	BRD-K01666924-001-01-9	BRD-K01666924
BRD-K00025572-001-01-9	BRD-K00025572	BRD-A00025572-001-01-9	BRD-A00025572
BRD-K86161929-001-13-3	BRD-K86161929	BRD-A54487287-001-04-7	BRD-A54487287
BRD-K86161929-001-12-5	BRD-K86161929	BRD-K83872210-001-01-1	BRD-K83872210
BRD-K26833429-001-04-4	BRD-K26833429	BRD-K44887666-001-02-4	BRD-K44887666
BRD-K40308497-001-02-0	BRD-K40308497	BRD-A75349800-001-01-8	BRD-A75349800
BRD-K33336844-001-12-9	BRD-K33336844	BRD-K53562481-001-01-6	BRD-K53562481
BRD-K07572174-001-43-6	BRD-K07572174	BRD-K69690935-001-03-5	BRD-K69690935
BRD-K41933240-001-03-2	BRD-K41933240	BRD-K07241895-001-01-4	BRD-K07241895
BRD-A18627414-001-05-6	BRD-A18627414	BRD-A59561452-001-01-9	BRD-A59561452
BRD-A18627414-001-04-9	BRD-A18627414	BRD-M14495474-001-01-4	BRD-M14495474
BRD-A18627414-001-04-9	BRD-A18627414	BRD-A97502381-001-01-3	BRD-A97502381
BRD-A18627414-001-04-9	BRD-A18627414	BRD-M38660727-001-01-0	BRD-M38660727
BRD-K01825675-051-01-9	BRD-K01825675	BRD-M87382116-051-02-3	BRD-M87382116
BRD-K50785021-001-04-7	BRD-K50785021	BRD-M61995960-001-03-2	BRD-M61995960
BRD-K67536197-003-11-4	BRD-K67536197	BRD-K67536197-001-02-7	BRD-K67536197
BRD-K67536197-003-10-6	BRD-K67536197	BRD-K80834753-003-01-3	BRD-K80834753
BRD-A10420615-001-05-1	BRD-A10420615	BRD-K93666001-001-01-8	BRD-K93666001
BRD-K87226815-001-18-9	BRD-K87226815	BRD-K53226837-001-08-4	BRD-K53226837
BRD-K13533483-001-16-2	BRD-K13533483	BRD-K03152136-001-01-6	BRD-K03152136
BRD-K13533483-001-17-0	BRD-K13533483	BRD-A11864475-001-02-5	BRD-A11864475
BRD-A38675539-001-14-3	BRD-A38675539	BRD-A38639147-001-17-6	BRD-A38639147
BRD-K59866480-001-08-1	BRD-K59866480	BRD-K84397942-001-01-3	BRD-K84397942
BRD-K27799744-001-03-6	BRD-K27799744	BRD-K35479987-001-01-5	BRD-K35479987
BRD-K41141507-001-17-0	BRD-K41141507	BRD-A95207036-001-04-4	BRD-A95207036
BRD-K41141507-001-16-2	BRD-K41141507	BRD-K59573506-001-01-8	BRD-K59573506
BRD-K92611362-001-02-6	BRD-K92611362	BRD-M77687198-001-11-4	BRD-M77687198
BRD-K33106058-001-20-0	BRD-K33106058	BRD-K71847383-001-07-5	BRD-K71847383
BRD-K71847383-001-12-5	BRD-K71847383	BRD-K33106058-001-16-8	BRD-K33106058
BRD-K74186897-001-13-2	BRD-K74186897	BRD-A55579717-001-04-0	BRD-A55579717
BRD-K73383190-001-03-1	BRD-K73383190	BRD-K68548958-001-04-6	BRD-K68548958
BRD-K73383190-001-02-3	BRD-K73383190	BRD-K19202888-001-01-1	BRD-K19202888
BRD-K20879694-001-02-5	BRD-K20879694	BRD-A81494260-001-02-5	BRD-A81494260
BRD-K58160573-001-05-4	BRD-K58160573	BRD-K46604138-001-01-3	BRD-K46604138
BRD-K95773607-004-04-6	BRD-K95773607	BRD-K95773607-001-03-4	BRD-K95773607
BRD-A44971162-001-02-7	BRD-A44971162	BRD-A01259528-001-01-9	BRD-A01259528
BRD-K84986517-001-01-8	BRD-K84986517	BRD-M22677129-001-01-6	BRD-M22677129
BRD-K43389675-003-19-1	BRD-K43389675	BRD-K91966436-003-02-3	BRD-K91966436
BRD-K43389675-003-20-9	BRD-K43389675	BRD-K79347022-003-01-4	BRD-K79347022
BRD-K43389675-003-20-9	BRD-K43389675	BRD-A68009927-003-03-7	BRD-A68009927
BRD-K62304154-001-04-2	BRD-K62304154	BRD-K09078998-001-01-4	BRD-K09078998
BRD-K41256143-001-13-5	BRD-K41256143	BRD-A79445307-001-01-8	BRD-A79445307
BRD-K41256143-001-12-7	BRD-K41256143	BRD-K85833139-001-01-9	BRD-K85833139
BRD-K59325863-001-03-6	BRD-K59325863	BRD-K84591635-001-02-1	BRD-K84591635
BRD-K59325863-001-02-8	BRD-K59325863	BRD-K84591635-001-01-3	BRD-K84591635
BRD-K24556098-001-19-1	BRD-K24556098	BRD-A75402480-001-04-6	BRD-A75402480
BRD-K24556098-001-18-3	BRD-K24556098	BRD-K54733518-001-01-9	BRD-K54733518
BRD-K21528677-001-04-4	BRD-K21528677	BRD-A26858303-001-02-8	BRD-A26858303
BRD-K21528677-001-03-6	BRD-K21528677	BRD-K30131328-001-01-5	BRD-K30131328
BRD-K38775274-001-24-7	BRD-K38775274	BRD-A27572786-001-02-0	BRD-A27572786
BRD-K38775274-001-22-1	BRD-K38775274	BRD-A27572786-001-01-2	BRD-A27572786
BRD-K38775274-001-23-9	BRD-K38775274	BRD-K45192137-001-01-1	BRD-K45192137
BRD-K47635719-001-21-1	BRD-K47635719	BRD-A93424738-001-04-8	BRD-A93424738
BRD-K47635719-001-20-3	BRD-K47635719	BRD-K40063336-001-01-8	BRD-K40063336
BRD-K54187111-001-09-2	BRD-K54187111	BRD-A40195998-001-02-7	BRD-A40195998
BRD-K05673000-323-13-5	BRD-K05673000	BRD-K59843513-323-01-4	BRD-K59843513
BRD-K50853363-001-02-3	BRD-K50853363	BRD-K64504314-001-01-8	BRD-K64504314
BRD-K62213621-001-02-4	BRD-K62213621	BRD-A82452087-001-02-3	BRD-A82452087
BRD-K62213621-001-01-6	BRD-K62213621	BRD-K45089490-001-02-8	BRD-K45089490
BRD-K62213621-001-01-6	BRD-K62213621	BRD-K11421397-001-01-9	BRD-K11421397
BRD-K72728560-001-01-4	BRD-K72728560	BRD-U80626937-000-01-6	BRD-U80626937
BRD-K92848252-001-01-9	BRD-K92848252	BRD-M65846159-001-02-6	BRD-M65846159
BRD-K92848252-001-02-7	BRD-K92848252	BRD-M65846159-001-01-8	BRD-M65846159
BRD-K92848252-001-03-5	BRD-K92848252	BRD-M65846159-001-03-4	BRD-M65846159
BRD-K28690501-001-02-1	BRD-K28690501	BRD-K15864401-001-01-0	BRD-K15864401
BRD-K94436377-001-12-8	BRD-K94436377	BRD-K22902927-001-01-4	BRD-K22902927
BRD-K94436377-001-12-8	BRD-K94436377	BRD-A35279169-001-07-8	BRD-A35279169
BRD-K52756523-001-28-8	BRD-K52756523	BRD-K15706428-001-01-2	BRD-K15706428
BRD-K52756523-001-25-4	BRD-K52756523	BRD-A77786295-001-01-1	BRD-A77786295
BRD-K52756523-001-26-2	BRD-K52756523	BRD-A83603976-001-01-6	BRD-A83603976
BRD-K52756523-001-29-6	BRD-K52756523	BRD-A44120870-001-01-6	BRD-A44120870
BRD-K36775483-001-01-4	BRD-K36775483	BRD-K77961099-001-01-6	BRD-K77961099
BRD-M56212252-001-01-0	BRD-M56212252	BRD-K08970894-001-03-4	BRD-K08970894
BRD-K30577245-341-01-9	BRD-K30577245	BRD-A05821830-341-01-5	BRD-A05821830
BRD-K30577245-001-04-3	BRD-K30577245	BRD-A05821830-001-05-6	BRD-A05821830
BRD-K30577245-001-05-0	BRD-K30577245	BRD-K63265447-001-07-4	BRD-K63265447
BRD-K30577245-001-05-0	BRD-K30577245	BRD-A28612473-001-01-3	BRD-A28612473
BRD-K28029915-066-03-3	BRD-K28029915	BRD-K37792492-066-01-0	BRD-K37792492
BRD-K28029915-066-03-3	BRD-K28029915	BRD-A03259768-066-01-9	BRD-A03259768
BRD-K28029915-001-02-2	BRD-K28029915	BRD-K34008116-001-01-7	BRD-K34008116
BRD-K45319714-002-05-0	BRD-K45319714	BRD-K20901660-002-03-3	BRD-K20901660
BRD-K01825594-311-03-9	BRD-K01825594	BRD-A47978079-003-01-9	BRD-A47978079
BRD-K82928892-001-03-3	BRD-K82928892	BRD-K07234650-001-01-4	BRD-K07234650
BRD-K58262659-001-10-5	BRD-K58262659	BRD-A68537732-001-03-6	BRD-A68537732
BRD-K58262659-001-09-7	BRD-K58262659	BRD-K83057217-001-01-2	BRD-K83057217
BRD-K92093830-001-05-4	BRD-K92093830	BRD-A52530684-001-02-9	BRD-A52530684
BRD-K92093830-003-35-7	BRD-K92093830	BRD-K61468417-003-01-1	BRD-K61468417
BRD-K01825679-311-02-9	BRD-K01825679	BRD-M28128163-312-03-8	BRD-M28128163
BRD-K01825679-311-01-9	BRD-K01825679	BRD-M28128163-312-01-2	BRD-M28128163
BRD-K01825679-311-01-9	BRD-K01825679	BRD-M68646745-311-09-6	BRD-M68646745
BRD-K04394237-001-06-0	BRD-K04394237	BRD-A00938334-001-01-3	BRD-A00938334
BRD-K04394237-001-05-2	BRD-K04394237	BRD-K70875526-001-01-8	BRD-K70875526
BRD-K30373883-001-02-8	BRD-K30373883	BRD-K28984613-001-01-5	BRD-K28984613
BRD-K68620903-001-11-4	BRD-K68620903	BRD-A86597857-001-01-1	BRD-A86597857
BRD-K68620903-001-10-6	BRD-K68620903	BRD-K27038879-001-01-0	BRD-K27038879
BRD-K86892782-001-17-0	BRD-K86892782	BRD-A62505706-001-04-9	BRD-A62505706
BRD-K86410485-046-01-0	BRD-K86410485	BRD-M75840137-046-01-1	BRD-M75840137
BRD-K61314889-001-06-9	BRD-K61314889	BRD-M14816435-001-02-7	BRD-M14816435
BRD-K61314889-001-05-1	BRD-K61314889	BRD-M14816435-001-01-9	BRD-M14816435
BRD-K61314889-001-04-4	BRD-K61314889	BRD-K27544219-001-01-6	BRD-K27544219
BRD-K62752296-003-02-1	BRD-K62752296	BRD-K91486246-003-01-4	BRD-K91486246
BRD-K32007074-001-02-9	BRD-K32007074	BRD-A77582494-001-01-3	BRD-A77582494
BRD-K96137854-001-18-9	BRD-K96137854	BRD-A20200672-001-05-5	BRD-A20200672
BRD-K96137854-001-17-1	BRD-K96137854	BRD-K80535353-001-01-4	BRD-K80535353
BRD-K79450420-001-03-4	BRD-K79450420	BRD-A15458132-001-01-9	BRD-A15458132
BRD-K79450420-001-02-6	BRD-K79450420	BRD-K67385813-001-01-5	BRD-K67385813
BRD-K04548931-003-16-5	BRD-K04548931	BRD-K56844688-003-01-2	BRD-K56844688
BRD-K19761926-001-04-4	BRD-K19761926	BRD-K82139003-001-01-7	BRD-K82139003
BRD-K71823332-001-03-7	BRD-K71823332	BRD-K87031376-001-01-0	BRD-K87031376
BRD-K26531771-001-02-2	BRD-K26531771	BRD-K63457253-001-01-3	BRD-K63457253
BRD-K56155962-001-15-4	BRD-K56155962	BRD-A87199639-001-04-4	BRD-A87199639
BRD-K56155962-001-16-2	BRD-K56155962	BRD-K05243578-001-01-6	BRD-K05243578
BRD-K03039262-001-04-5	BRD-K03039262	BRD-K09161066-001-01-5	BRD-K09161066
BRD-K63550407-001-13-5	BRD-K63550407	BRD-K05127550-001-02-1	BRD-K05127550
BRD-K63550407-001-14-3	BRD-K63550407	BRD-K05127550-001-03-9	BRD-K05127550
BRD-K63550407-001-14-3	BRD-K63550407	BRD-A20485507-001-01-2	BRD-A20485507
BRD-K51677086-001-14-6	BRD-K51677086	BRD-K13846766-001-01-8	BRD-K13846766
BRD-K01825597-034-02-9	BRD-K01825597	BRD-A47598013-034-02-7	BRD-A47598013
BRD-K13629382-051-06-6	BRD-K13629382	BRD-K76359782-051-03-7	BRD-K76359782
BRD-K61443506-236-02-0	BRD-K61443506	BRD-A55962179-236-02-5	BRD-A55962179
BRD-K61443506-237-01-0	BRD-K61443506	BRD-A55962179-239-01-1	BRD-A55962179
BRD-K61443506-239-01-6	BRD-K61443506	BRD-A55962179-239-02-9	BRD-A55962179
BRD-K61443506-239-03-9	BRD-K61443506	BRD-A55962179-239-38-9	BRD-A55962179
BRD-K18910433-001-43-2	BRD-K18910433	BRD-A18917088-001-04-9	BRD-A18917088
BRD-K18910433-001-42-4	BRD-K18910433	BRD-K60633875-001-01-0	BRD-K60633875
BRD-K66766661-001-19-2	BRD-K66766661	BRD-A39747742-001-04-3	BRD-A39747742
BRD-K66766661-001-20-0	BRD-K66766661	BRD-K12790232-001-01-5	BRD-K12790232
BRD-K17016787-001-16-7	BRD-K17016787	BRD-A18620900-001-05-2	BRD-A18620900
BRD-K17016787-001-15-9	BRD-K17016787	BRD-K03411175-001-01-8	BRD-K03411175
BRD-K81839095-001-30-1	BRD-K81839095	BRD-A37959677-001-04-5	BRD-A37959677
BRD-K81839095-001-29-3	BRD-K81839095	BRD-K15236393-001-01-1	BRD-K15236393
BRD-K48195008-001-19-9	BRD-K48195008	BRD-A02367930-001-04-5	BRD-A02367930
BRD-K48195008-001-18-1	BRD-K48195008	BRD-K42555202-001-01-2	BRD-K42555202
BRD-K03981224-001-21-9	BRD-K03981224	BRD-K00456604-001-01-7	BRD-K00456604
BRD-K46331928-001-08-2	BRD-K46331928	BRD-K06056310-001-01-4	BRD-K06056310
BRD-A74667430-001-25-1	BRD-A74667430	BRD-K36911961-001-01-6	BRD-K36911961
BRD-K55055802-001-10-2	BRD-K55055802	BRD-A54880345-001-20-9	BRD-A54880345
BRD-K37798499-001-27-2	BRD-K37798499	BRD-A33280134-001-04-7	BRD-A33280134
BRD-K37798499-001-22-3	BRD-K37798499	BRD-K36186323-001-01-8	BRD-K36186323
BRD-K37798499-001-21-5	BRD-K37798499	BRD-A26175277-001-02-9	BRD-A26175277
BRD-K37798499-001-21-5	BRD-K37798499	BRD-A35357953-001-01-5	BRD-A35357953
BRD-K29996876-001-10-1	BRD-K29996876	BRD-K15671046-001-03-6	BRD-K15671046
BRD-K19741031-001-02-2	BRD-K19741031	BRD-U78472365-000-01-0	BRD-U78472365
BRD-K19741031-001-01-4	BRD-K19741031	BRD-U78671345-000-01-2	BRD-U78671345
BRD-K13514097-001-04-6	BRD-K13514097	BRD-K13154216-001-03-9	BRD-K13154216
BRD-K13514097-001-05-3	BRD-K13514097	BRD-K13154216-001-01-3	BRD-K13154216
BRD-K33425534-001-12-5	BRD-K33425534	BRD-A73741725-001-02-8	BRD-A73741725
BRD-K33425534-001-11-7	BRD-K33425534	BRD-K93923542-001-02-7	BRD-K93923542
BRD-K33425534-001-11-7	BRD-K33425534	BRD-K35247444-001-01-3	BRD-K35247444
BRD-K42260897-001-09-2	BRD-K42260897	BRD-K32180660-001-01-6	BRD-K32180660
BRD-A33697453-008-04-9	BRD-A33697453	BRD-A33697453-008-02-4	BRD-A33697453
BRD-K21586122-001-02-7	BRD-K21586122	BRD-K76786967-001-01-7	BRD-K76786967
BRD-K01095011-001-15-9	BRD-K01095011	BRD-A83081521-001-02-3	BRD-A83081521
BRD-K01095011-001-14-2	BRD-K01095011	BRD-K37882277-001-01-7	BRD-K37882277
BRD-K47832606-001-30-1	BRD-K47832606	BRD-K73088654-001-01-9	BRD-K73088654
BRD-K86003836-001-10-5	BRD-K86003836	BRD-K99928247-001-01-0	BRD-K99928247
BRD-K27871792-001-01-8	BRD-K27871792	BRD-A13650332-236-09-6	BRD-A13650332
BRD-K66788707-001-17-6	BRD-K66788707	BRD-K51927012-001-02-9	BRD-K51927012
BRD-K06408664-001-03-5	BRD-K06408664	BRD-A38749782-001-04-1	BRD-A38749782
BRD-K61496577-001-20-2	BRD-K61496577	BRD-A01346607-001-04-2	BRD-A01346607
BRD-K61496577-001-19-4	BRD-K61496577	BRD-K09237689-001-01-0	BRD-K09237689
BRD-K94353609-001-21-6	BRD-K94353609	BRD-A77824596-001-04-0	BRD-A77824596
BRD-K94353609-001-20-8	BRD-K94353609	BRD-K95627890-001-01-2	BRD-K95627890
BRD-K57886322-001-16-6	BRD-K57886322	BRD-K68865937-001-01-6	BRD-K68865937
BRD-K62310379-001-13-9	BRD-K62310379	BRD-K40517875-001-01-0	BRD-K40517875
BRD-K66296774-236-12-1	BRD-K66296774	BRD-M74726084-304-01-9	BRD-M74726084
BRD-A26503646-001-18-2	BRD-A26503646	BRD-A87468186-001-01-6	BRD-A87468186
BRD-K54006094-051-06-6	BRD-K54006094	BRD-M00539986-051-06-0	BRD-M00539986
BRD-K54006094-051-01-7	BRD-K54006094	BRD-M00539986-051-03-7	BRD-M00539986
BRD-K54006094-051-03-3	BRD-K54006094	BRD-M00539986-051-05-2	BRD-M00539986
BRD-K54006094-051-02-5	BRD-K54006094	BRD-M00539986-051-04-5	BRD-M00539986
BRD-K09602097-001-23-5	BRD-K09602097	BRD-K77830450-001-05-7	BRD-K77830450
BRD-K09602097-001-23-5	BRD-K09602097	BRD-K62498766-001-01-8	BRD-K62498766
BRD-K81101512-234-01-9	BRD-K81101512	BRD-K48461310-234-01-3	BRD-K48461310
BRD-A85667082-001-10-1	BRD-A85667082	BRD-A03249105-001-02-7	BRD-A03249105
BRD-A85667082-001-11-9	BRD-A85667082	BRD-A50947932-001-01-9	BRD-A50947932
BRD-A85667082-001-12-7	BRD-A85667082	BRD-A03249105-001-01-9	BRD-A03249105
BRD-A85667082-001-13-5	BRD-A85667082	BRD-A17828570-001-02-8	BRD-A17828570
BRD-A85667082-001-13-5	BRD-A85667082	BRD-A52958897-001-01-7	BRD-A52958897
BRD-K38140108-002-01-2	BRD-K38140108	BRD-M27076668-002-02-9	BRD-M27076668
BRD-K25106841-001-01-2	BRD-K25106841	BRD-M44547596-002-01-7	BRD-M44547596
BRD-A72401848-001-02-2	BRD-A72401848	BRD-M87846614-001-02-9	BRD-M87846614
BRD-A72401848-001-01-4	BRD-A72401848	BRD-M87846614-001-01-1	BRD-M87846614
BRD-K08542803-001-03-1	BRD-K08542803	BRD-A76999758-001-01-1	BRD-A76999758
BRD-K67578145-001-12-1	BRD-K67578145	BRD-K14399170-001-01-7	BRD-K14399170
BRD-K43570081-001-04-0	BRD-K43570081	BRD-K82847623-001-01-5	BRD-K82847623
BRD-K43570081-001-04-0	BRD-K43570081	BRD-A77524860-001-03-7	BRD-A77524860
BRD-K15108141-003-04-7	BRD-K15108141	BRD-K67681739-003-01-4	BRD-K67681739
BRD-K15108141-003-05-4	BRD-K15108141	BRD-K11238904-003-01-9	BRD-K11238904
BRD-K28824103-001-04-4	BRD-K28824103	BRD-K70886785-001-01-1	BRD-K70886785
BRD-K57275767-001-03-2	BRD-K57275767	BRD-K35205465-001-01-5	BRD-K35205465
BRD-K73771095-001-03-3	BRD-K73771095	BRD-K02342990-001-01-9	BRD-K02342990
BRD-K97197005-001-03-2	BRD-K97197005	BRD-K81077266-001-01-2	BRD-K81077266
BRD-K93816012-001-07-3	BRD-K93816012	BRD-A82395837-001-01-9	BRD-A82395837
BRD-K64748124-300-01-7	BRD-K64748124	BRD-A80271098-300-01-4	BRD-A80271098
BRD-A57886255-001-02-9	BRD-A57886255	BRD-A53244165-001-01-6	BRD-A53244165
BRD-K08273968-001-19-0	BRD-K08273968	BRD-K12423485-001-01-7	BRD-K12423485
BRD-K25325018-001-06-4	BRD-K25325018	BRD-K29174426-001-01-9	BRD-K29174426
BRD-K62736196-015-13-6	BRD-K62736196	BRD-K56800335-015-04-9	BRD-K56800335
BRD-K62676709-065-05-5	BRD-K62676709	BRD-M18219129-065-04-2	BRD-M18219129
BRD-K76037122-001-01-7	BRD-K76037122	BRD-M47712611-001-04-1	BRD-M47712611
BRD-K76037122-001-01-7	BRD-K76037122	BRD-M29095938-001-02-3	BRD-M29095938
BRD-K76037122-001-02-5	BRD-K76037122	BRD-M47712611-001-03-3	BRD-M47712611
BRD-K39520573-001-03-8	BRD-K39520573	BRD-K07859598-001-13-8	BRD-K07859598
BRD-K39520573-001-04-6	BRD-K39520573	BRD-K07859598-001-12-0	BRD-K07859598
BRD-K39520573-001-02-0	BRD-K39520573	BRD-K93653303-001-01-1	BRD-K93653303
BRD-K58775955-001-03-2	BRD-K58775955	BRD-K75189747-001-01-2	BRD-K75189747
BRD-K81709173-001-09-5	BRD-K81709173	BRD-K64408465-001-01-9	BRD-K64408465
BRD-K38903228-001-11-9	BRD-K38903228	BRD-K43382661-001-02-2	BRD-K43382661
BRD-K38903228-001-11-9	BRD-K38903228	BRD-M12718521-001-02-2	BRD-M12718521
BRD-K38903228-001-13-5	BRD-K38903228	BRD-K53229386-001-04-2	BRD-K53229386
BRD-K38903228-001-13-5	BRD-K38903228	BRD-K93633846-001-01-7	BRD-K93633846
BRD-K38903228-001-12-7	BRD-K38903228	BRD-K43382661-001-01-4	BRD-K43382661
BRD-K38903228-001-12-7	BRD-K38903228	BRD-M45990714-001-01-7	BRD-M45990714
BRD-A63267145-001-01-0	BRD-A63267145	BRD-M98748937-001-01-6	BRD-M98748937
BRD-K01674964-001-19-0	BRD-K01674964	BRD-U61402069-000-01-5	BRD-U61402069
BRD-K01826529-004-10-9	BRD-K01826529	BRD-A09539288-004-04-4	BRD-A09539288
BRD-K01826529-004-09-9	BRD-K01826529	BRD-A35196708-004-01-9	BRD-A35196708
BRD-K62240499-001-05-9	BRD-K62240499	BRD-K45888792-001-03-6	BRD-K45888792
BRD-K62240499-001-04-2	BRD-K62240499	BRD-K97618845-001-03-1	BRD-K97618845
BRD-K62240499-001-06-7	BRD-K62240499	BRD-K45888792-001-02-8	BRD-K45888792
BRD-K93568044-001-32-0	BRD-K93568044	BRD-A75172220-001-04-0	BRD-A75172220
BRD-K93568044-001-31-2	BRD-K93568044	BRD-K97571677-001-01-9	BRD-K97571677
BRD-K99199077-001-17-9	BRD-K99199077	BRD-A34508879-001-04-9	BRD-A34508879
BRD-K44009692-001-02-3	BRD-K44009692	BRD-K49031386-001-01-5	BRD-K49031386
BRD-K40530731-001-11-6	BRD-K40530731	BRD-A78303415-001-04-3	BRD-A78303415
BRD-K40530731-001-10-8	BRD-K40530731	BRD-A97674763-001-01-8	BRD-A97674763
BRD-A74391928-051-03-9	BRD-A74391928	BRD-M56587789-051-04-6	BRD-M56587789
BRD-A74391928-051-01-3	BRD-A74391928	BRD-M56587789-051-02-0	BRD-M56587789
BRD-A74391928-051-02-1	BRD-A74391928	BRD-M56587789-051-03-8	BRD-M56587789
BRD-K65639003-001-10-8	BRD-K65639003	BRD-A06210771-001-02-9	BRD-A06210771
BRD-K65639003-001-09-0	BRD-K65639003	BRD-A88583207-001-01-6	BRD-A88583207
BRD-K69650333-003-14-0	BRD-K69650333	BRD-K63126143-003-01-4	BRD-K63126143
BRD-K76634210-001-14-7	BRD-K76634210	BRD-A85439007-001-01-6	BRD-A85439007
BRD-K79612754-001-21-7	BRD-K79612754	BRD-A28787076-001-04-8	BRD-A28787076
BRD-K79612754-001-20-9	BRD-K79612754	BRD-K14210676-001-01-5	BRD-K14210676
BRD-K08547377-001-06-9	BRD-K08547377	BRD-K72035773-001-01-7	BRD-K72035773
BRD-K01825673-051-01-9	BRD-K01825673	BRD-M60365050-051-02-7	BRD-M60365050
BRD-A64743628-001-01-5	BRD-A64743628	BRD-M48029916-001-06-6	BRD-M48029916
BRD-A64743628-001-01-5	BRD-A64743628	BRD-M59543297-001-05-3	BRD-M59543297
BRD-K47178855-001-04-2	BRD-K47178855	BRD-K57344138-001-01-2	BRD-K57344138
BRD-K76723084-001-25-7	BRD-K76723084	BRD-K95366153-001-02-7	BRD-K95366153
BRD-K85554912-001-08-9	BRD-K85554912	BRD-A48570745-001-02-9	BRD-A48570745
BRD-K85554912-001-05-5	BRD-K85554912	BRD-M44211600-001-01-6	BRD-M44211600
BRD-K85554912-001-07-1	BRD-K85554912	BRD-K71544586-001-01-6	BRD-K71544586
BRD-K54606188-001-13-1	BRD-K54606188	BRD-K17588104-001-03-9	BRD-K17588104
BRD-K08327065-065-06-8	BRD-K08327065	BRD-A53533407-065-04-9	BRD-A53533407
BRD-A45419686-001-04-9	BRD-A45419686	BRD-A14985772-001-03-3	BRD-A14985772
BRD-K62309135-001-05-2	BRD-K62309135	BRD-M12235055-001-06-2	BRD-M12235055
BRD-K98372770-001-09-0	BRD-K98372770	BRD-K40656405-001-03-1	BRD-K40656405
BRD-K98372770-001-08-2	BRD-K98372770	BRD-K40656405-001-02-3	BRD-K40656405
BRD-K40787673-001-02-1	BRD-K40787673	BRD-A34513497-002-02-3	BRD-A34513497
BRD-M31057929-385-01-9	BRD-M31057929	BRD-M75836831-385-01-0	BRD-M75836831
BRD-M31057929-447-01-7	BRD-M31057929	BRD-M42331949-431-01-3	BRD-M42331949
BRD-K94485812-001-03-7	BRD-K94485812	BRD-K20203690-001-02-2	BRD-K20203690
BRD-K27184429-300-01-3	BRD-K27184429	BRD-K18097163-300-02-6	BRD-K18097163
BRD-K83551379-001-02-6	BRD-K83551379	BRD-K60537263-001-01-3	BRD-K60537263
BRD-K09471561-001-20-8	BRD-K09471561	BRD-K88565300-001-01-7	BRD-K88565300
BRD-K35189033-001-30-3	BRD-K35189033	BRD-K10086084-001-02-7	BRD-K10086084
BRD-K35189033-001-29-5	BRD-K35189033	BRD-K10086084-001-01-9	BRD-K10086084
BRD-K05906022-001-05-1	BRD-K05906022	BRD-K64094723-001-01-5	BRD-K64094723
BRD-K96550715-001-03-4	BRD-K96550715	BRD-A23155464-001-01-9	BRD-A23155464
BRD-K72922393-003-16-0	BRD-K72922393	BRD-K72922393-003-15-2	BRD-K72922393
BRD-M41245765-001-05-9	BRD-M41245765	BRD-M83658881-001-01-0	BRD-M83658881
BRD-M41245765-341-06-9	BRD-M41245765	BRD-M41245765-001-06-9	BRD-M41245765
BRD-K66206289-065-01-4	BRD-K66206289	BRD-M82226456-065-01-7	BRD-M82226456
BRD-K39983086-001-07-9	BRD-K39983086	BRD-K43659793-001-01-6	BRD-K43659793
BRD-K09416995-001-44-9	BRD-K09416995	BRD-K74251557-001-01-0	BRD-K74251557
BRD-K21937671-001-10-0	BRD-K21937671	BRD-A44872635-001-01-8	BRD-A44872635
BRD-K01825691-001-01-9	BRD-K01825691	BRD-A18039798-001-01-9	BRD-A18039798
BRD-K33814251-001-02-2	BRD-K33814251	BRD-K58693165-001-01-7	BRD-K58693165
BRD-A05926236-001-05-3	BRD-A05926236	BRD-A58804007-001-01-4	BRD-A58804007
BRD-K12068470-001-04-1	BRD-K12068470	BRD-K69247090-001-01-9	BRD-K69247090
BRD-K57365211-314-02-2	BRD-K57365211	BRD-A81339141-314-01-6	BRD-A81339141
BRD-K57365211-314-02-2	BRD-K57365211	BRD-U27874988-000-01-6	BRD-U27874988
BRD-K24031866-001-02-1	BRD-K24031866	BRD-K94335714-001-07-4	BRD-K94335714
BRD-K24031866-001-01-3	BRD-K24031866	BRD-K94335714-001-06-6	BRD-K94335714
BRD-K29713308-077-04-1	BRD-K29713308	BRD-M45580279-077-05-4	BRD-M45580279
BRD-K56515112-001-21-6	BRD-K56515112	BRD-A20126139-001-04-2	BRD-A20126139
BRD-K19507340-001-25-4	BRD-K19507340	BRD-K29344105-001-01-6	BRD-K29344105
BRD-K01612348-001-14-8	BRD-K01612348	BRD-A53925737-001-01-9	BRD-A53925737
BRD-K01612348-001-12-2	BRD-K01612348	BRD-A18115130-001-03-0	BRD-A18115130
BRD-K01612348-001-13-0	BRD-K01612348	BRD-A18115130-001-02-2	BRD-A18115130
BRD-K49954789-001-02-9	BRD-K49954789	BRD-M40783228-001-15-0	BRD-M40783228
BRD-K49954789-001-03-7	BRD-K49954789	BRD-M40783228-001-16-8	BRD-M40783228
BRD-K49954789-001-01-1	BRD-K49954789	BRD-M40783228-001-14-3	BRD-M40783228
BRD-K31920458-001-22-8	BRD-K31920458	BRD-K92042497-001-01-4	BRD-K92042497
BRD-K31920458-001-23-6	BRD-K31920458	BRD-A14798026-001-02-6	BRD-A14798026
BRD-K01826731-065-09-9	BRD-K01826731	BRD-M02190957-065-05-7	BRD-M02190957
BRD-K01826731-065-10-9	BRD-K01826731	BRD-M02190957-065-06-5	BRD-M02190957
BRD-K48619321-004-17-6	BRD-K48619321	BRD-K05224916-004-01-1	BRD-K05224916
BRD-K43192255-048-02-8	BRD-K43192255	BRD-A29043702-048-02-2	BRD-A29043702
BRD-K43192255-048-01-0	BRD-K43192255	BRD-A29043702-048-03-0	BRD-A29043702
BRD-K43192255-048-03-6	BRD-K43192255	BRD-A29043702-048-01-4	BRD-A29043702
BRD-K43192255-048-03-6	BRD-K43192255	BRD-A32164164-048-02-2	BRD-A32164164
BRD-K35240538-001-25-4	BRD-K35240538	BRD-K99443616-001-01-3	BRD-K99443616
BRD-K35240538-001-26-2	BRD-K35240538	BRD-A53176877-001-04-3	BRD-A53176877
BRD-K01826568-046-15-9	BRD-K01826568	BRD-M45038741-045-02-7	BRD-M45038741
BRD-K01826568-046-14-9	BRD-K01826568	BRD-M45038741-046-05-8	BRD-M45038741
BRD-K94441233-001-17-1	BRD-K94441233	BRD-A83177971-001-04-0	BRD-A83177971
BRD-K94441233-001-16-3	BRD-K94441233	BRD-K31414443-001-01-4	BRD-K31414443
BRD-K45114938-236-02-6	BRD-K45114938	BRD-K53064842-236-01-9	BRD-K53064842
BRD-K40407248-236-01-6	BRD-K40407248	BRD-A06596811-236-02-5	BRD-A06596811
BRD-K40407248-236-02-4	BRD-K40407248	BRD-A06596811-236-01-7	BRD-A06596811
BRD-K37270826-001-31-8	BRD-K37270826	BRD-A79939557-001-01-7	BRD-A79939557
BRD-K37270826-001-30-0	BRD-K37270826	BRD-K46504237-001-01-5	BRD-K46504237
BRD-K44779798-001-11-5	BRD-K44779798	BRD-K82665349-001-01-4	BRD-K82665349
BRD-K06902185-001-22-7	BRD-K06902185	BRD-K14888893-001-14-8	BRD-K14888893
BRD-K52959329-238-01-9	BRD-K52959329	BRD-M71049352-238-02-2	BRD-M71049352
BRD-K88061624-001-22-2	BRD-K88061624	BRD-K05218031-001-01-9	BRD-K05218031
BRD-K03128512-001-03-6	BRD-K03128512	BRD-K66135050-001-01-7	BRD-K66135050
BRD-K60640630-001-11-0	BRD-K60640630	BRD-A01139232-001-01-0	BRD-A01139232
BRD-K60640630-001-10-2	BRD-K60640630	BRD-K28476963-001-01-8	BRD-K28476963
BRD-K10575656-034-01-0	BRD-K10575656	BRD-M86143595-034-02-6	BRD-M86143595
BRD-K15262564-001-16-8	BRD-K15262564	BRD-K25394084-001-01-0	BRD-K25394084
BRD-K18574842-323-11-6	BRD-K18574842	BRD-K96812051-323-01-2	BRD-K96812051
BRD-K66404838-001-02-4	BRD-K66404838	BRD-A92651262-003-04-7	BRD-A92651262
BRD-K67511046-001-02-3	BRD-K67511046	BRD-A23195370-003-01-4	BRD-A23195370
BRD-K70898774-001-05-0	BRD-K70898774	BRD-K58239851-001-01-8	BRD-K58239851
BRD-K88172511-003-21-1	BRD-K88172511	BRD-A66559694-003-01-8	BRD-A66559694
BRD-A73871920-236-03-6	BRD-A73871920	BRD-A68478444-236-01-8	BRD-A68478444
BRD-K02953697-001-09-2	BRD-K02953697	BRD-K80718324-001-01-2	BRD-K80718324
BRD-K90563805-213-01-9	BRD-K90563805	BRD-A00398769-213-01-5	BRD-A00398769
BRD-K90563805-001-04-2	BRD-K90563805	BRD-K40312300-001-01-1	BRD-K40312300
BRD-K90563805-001-05-9	BRD-K90563805	BRD-A55960065-001-01-6	BRD-A55960065
BRD-K90563805-001-05-9	BRD-K90563805	BRD-A00773244-001-01-3	BRD-A00773244
BRD-K90563805-001-06-7	BRD-K90563805	BRD-A55960065-001-02-4	BRD-A55960065
BRD-K90563805-001-06-7	BRD-K90563805	BRD-K63692151-001-01-8	BRD-K63692151
BRD-K73469236-001-01-8	BRD-K73469236	BRD-K34751753-318-01-8	BRD-K34751753
BRD-K73469236-001-01-8	BRD-K73469236	BRD-U48121946-000-01-8	BRD-U48121946
BRD-K61032563-001-02-9	BRD-K61032563	BRD-K33395461-001-01-0	BRD-K33395461
BRD-K71013094-326-02-6	BRD-K71013094	BRD-M08953053-001-01-9	BRD-M08953053
BRD-K71013094-065-05-3	BRD-K71013094	BRD-A93778806-065-02-3	BRD-A93778806
BRD-K71013094-326-03-4	BRD-K71013094	BRD-A93490927-326-01-7	BRD-A93490927
BRD-K71013094-065-04-6	BRD-K71013094	BRD-A35132579-065-01-1	BRD-A35132579
BRD-K31086665-005-04-6	BRD-K31086665	BRD-K70344361-005-01-4	BRD-K70344361
BRD-K76810206-001-08-1	BRD-K76810206	BRD-A58096341-001-01-2	BRD-A58096341
BRD-A41063939-001-01-0	BRD-A41063939	BRD-U59029435-000-01-7	BRD-U59029435
BRD-K73589491-001-12-0	BRD-K73589491	BRD-K46652470-001-09-1	BRD-K46652470
BRD-K74796838-236-01-7	BRD-K74796838	BRD-U77299140-000-01-0	BRD-U77299140
BRD-K62414032-001-13-8	BRD-K62414032	BRD-A02508087-001-02-9	BRD-A02508087
BRD-K58770988-001-01-8	BRD-K58770988	BRD-K29587137-001-01-2	BRD-K29587137
BRD-K72904818-001-02-9	BRD-K72904818	BRD-K36009368-001-03-4	BRD-K36009368
BRD-K72904818-001-01-1	BRD-K72904818	BRD-K36009368-001-02-6	BRD-K36009368
BRD-K92073408-001-15-7	BRD-K92073408	BRD-A39415247-001-11-2	BRD-A39415247
BRD-K92073408-001-15-7	BRD-K92073408	BRD-A83260288-001-01-8	BRD-A83260288
BRD-K92073408-001-16-5	BRD-K92073408	BRD-A39415247-001-10-4	BRD-A39415247
BRD-K92073408-001-14-0	BRD-K92073408	BRD-K01123092-001-01-1	BRD-K01123092
BRD-K38041788-001-02-9	BRD-K38041788	BRD-A04756508-001-02-3	BRD-A04756508
BRD-K38041788-001-01-1	BRD-K38041788	BRD-A75867198-001-01-9	BRD-A75867198
BRD-K89237706-003-02-6	BRD-K89237706	BRD-K91301684-003-04-8	BRD-K91301684
BRD-K89237706-003-03-4	BRD-K89237706	BRD-A51393488-003-02-7	BRD-A51393488
BRD-K21656326-001-01-4	BRD-K21656326	BRD-K82677637-001-01-0	BRD-K82677637
BRD-K21656326-001-02-2	BRD-K21656326	BRD-K33243830-001-01-6	BRD-K33243830
BRD-K26349472-001-02-1	BRD-K26349472	BRD-A46597779-001-01-5	BRD-A46597779
BRD-K90647725-001-07-3	BRD-K90647725	BRD-A00113255-001-02-6	BRD-A00113255
BRD-K90647725-001-06-5	BRD-K90647725	BRD-A65785035-001-01-2	BRD-A65785035
BRD-K18210059-001-02-6	BRD-K18210059	BRD-A33931310-001-01-7	BRD-A33931310
BRD-K67637637-003-12-6	BRD-K67637637	BRD-K06625472-003-01-6	BRD-K06625472
BRD-K63001556-001-10-4	BRD-K63001556	BRD-K68153448-001-01-9	BRD-K68153448
BRD-K00674894-001-01-4	BRD-K00674894	BRD-A12409803-001-04-7	BRD-A12409803
BRD-K76011241-001-02-6	BRD-K76011241	BRD-U75584406-000-01-6	BRD-U75584406
BRD-K43471985-001-05-5	BRD-K43471985	BRD-A53775886-001-01-7	BRD-A53775886
BRD-K33277808-331-01-3	BRD-K33277808	BRD-A68930007-331-01-6	BRD-A68930007
BRD-K33277808-001-02-0	BRD-K33277808	BRD-A68930007-001-04-9	BRD-A68930007
BRD-K33277808-001-02-0	BRD-K33277808	BRD-K92158972-331-01-3	BRD-K92158972
BRD-K96786677-323-03-8	BRD-K96786677	BRD-K71213463-323-01-4	BRD-K71213463
BRD-K96786677-236-02-4	BRD-K96786677	BRD-A66481418-236-04-0	BRD-A66481418
BRD-K78960041-001-07-3	BRD-K78960041	BRD-A20035137-001-01-3	BRD-A20035137
BRD-K78960041-001-07-3	BRD-K78960041	BRD-M43490210-001-01-9	BRD-M43490210
BRD-K78960041-001-05-7	BRD-K78960041	BRD-M78823677-034-04-0	BRD-M78823677
BRD-K78960041-001-03-2	BRD-K78960041	BRD-M78823677-034-03-2	BRD-M78823677
BRD-K78960041-001-02-4	BRD-K78960041	BRD-M78823677-034-02-4	BRD-M78823677
BRD-K17977438-048-03-2	BRD-K17977438	BRD-M29157795-001-01-5	BRD-M29157795
BRD-K31468676-237-01-8	BRD-K31468676	BRD-K13516279-237-01-7	BRD-K13516279
BRD-K21936341-051-04-0	BRD-K21936341	BRD-M50913522-361-03-7	BRD-M50913522
BRD-K21936341-051-03-2	BRD-K21936341	BRD-M50913522-361-02-9	BRD-M50913522
BRD-A43671941-003-11-9	BRD-A43671941	BRD-U77311119-000-01-0	BRD-U77311119
BRD-K07283971-001-01-3	BRD-K07283971	BRD-K13017451-001-01-6	BRD-K13017451
BRD-K01826559-001-11-9	BRD-K01826559	BRD-A56621826-001-01-3	BRD-A56621826
BRD-K01826559-001-08-9	BRD-K01826559	BRD-A78694248-335-01-6	BRD-A78694248
BRD-K25243230-001-02-0	BRD-K25243230	BRD-A80365673-001-01-1	BRD-A80365673
BRD-K62008436-001-25-4	BRD-K62008436	BRD-A28746609-001-13-1	BRD-A28746609
BRD-K62008436-001-22-1	BRD-K62008436	BRD-A28746609-001-11-5	BRD-A28746609
BRD-K62008436-001-23-9	BRD-K62008436	BRD-A63610676-001-14-1	BRD-A63610676
BRD-K62008436-001-24-7	BRD-K62008436	BRD-A28746609-001-10-7	BRD-A28746609
BRD-K83631119-001-03-9	BRD-K83631119	BRD-K77265172-001-01-2	BRD-K77265172
BRD-A99888680-001-04-6	BRD-A99888680	BRD-K00665454-001-02-2	BRD-K00665454
BRD-A99888680-001-05-3	BRD-A99888680	BRD-K00665454-001-01-4	BRD-K00665454
BRD-K50817623-303-06-5	BRD-K50817623	BRD-K25166838-303-01-1	BRD-K25166838
BRD-K36524108-065-06-5	BRD-K36524108	BRD-A20920572-065-04-7	BRD-A20920572
BRD-K36524108-065-07-3	BRD-K36524108	BRD-M40700687-001-01-8	BRD-M40700687
BRD-K36524108-065-05-7	BRD-K36524108	BRD-K25359791-065-01-2	BRD-K25359791
BRD-A14577621-001-01-5	BRD-A14577621	BRD-A59435073-001-01-5	BRD-A59435073
BRD-K32842773-304-05-4	BRD-K32842773	BRD-M17920320-304-01-2	BRD-M17920320
BRD-K32842773-380-01-3	BRD-K32842773	BRD-M18147244-437-01-2	BRD-M18147244
BRD-K32842773-304-06-2	BRD-K32842773	BRD-K55395145-304-01-5	BRD-K55395145
BRD-K78789465-001-02-4	BRD-K78789465	BRD-K92045627-001-01-0	BRD-K92045627
BRD-K60770992-066-26-8	BRD-K60770992	BRD-K38689957-066-01-5	BRD-K38689957
BRD-K92731339-227-05-6	BRD-K92731339	BRD-A19924402-227-01-0	BRD-A19924402
BRD-K92731339-227-05-6	BRD-K92731339	BRD-A47830685-227-02-1	BRD-A47830685
BRD-K95435023-001-10-1	BRD-K95435023	BRD-K55218890-001-01-8	BRD-K55218890
BRD-K25650355-059-19-7	BRD-K25650355	BRD-A37052580-059-07-6	BRD-A37052580
BRD-K92107055-001-01-9	BRD-K92107055	BRD-K97729603-001-01-2	BRD-K97729603
BRD-K86873305-236-18-8	BRD-K86873305	BRD-K67009182-236-01-6	BRD-K67009182
BRD-A96510685-213-03-7	BRD-A96510685	BRD-M95050869-001-01-2	BRD-M95050869
BRD-K75958547-238-02-8	BRD-K75958547	BRD-M62817595-238-02-0	BRD-M62817595
BRD-K75958547-238-01-0	BRD-K75958547	BRD-M62817595-238-01-2	BRD-M62817595
BRD-K43236057-001-09-7	BRD-K43236057	BRD-K94506759-001-01-9	BRD-K94506759
BRD-K46556543-001-01-4	BRD-K46556543	BRD-A29322418-237-04-0	BRD-A29322418
BRD-K84281997-003-09-2	BRD-K84281997	BRD-K61327230-003-13-9	BRD-K61327230
BRD-K97045029-001-04-3	BRD-K97045029	BRD-K91497079-001-03-3	BRD-K91497079
BRD-K97045029-001-04-3	BRD-K97045029	BRD-U02566398-000-01-1	BRD-U02566398
BRD-K97045029-001-04-3	BRD-K97045029	BRD-K91497079-001-02-5	BRD-K91497079
BRD-K60511616-236-08-9	BRD-K60511616	BRD-K31447894-236-01-0	BRD-K31447894
BRD-A27887842-001-05-7	BRD-A27887842	BRD-K00645576-001-01-9	BRD-K00645576
BRD-K45664306-001-20-4	BRD-K45664306	BRD-K87234558-001-01-0	BRD-K87234558
BRD-K85883481-001-25-7	BRD-K85883481	BRD-A62525898-001-05-2	BRD-A62525898
BRD-K85883481-001-24-0	BRD-K85883481	BRD-K60679745-001-01-1	BRD-K60679745
BRD-K43880410-001-15-1	BRD-K43880410	BRD-A35054627-001-09-7	BRD-A35054627
BRD-K43880410-001-14-4	BRD-K43880410	BRD-K52183142-001-01-3	BRD-K52183142
BRD-K64994968-001-32-5	BRD-K64994968	BRD-A67479912-001-03-4	BRD-A67479912
BRD-K64994968-001-33-3	BRD-K64994968	BRD-K37762555-001-01-4	BRD-K37762555
BRD-K53734668-003-04-6	BRD-K53734668	BRD-K98804570-003-01-7	BRD-K98804570
BRD-A92341659-001-03-2	BRD-A92341659	BRD-A96891111-001-01-8	BRD-A96891111
BRD-K89048337-001-06-9	BRD-K89048337	BRD-K85867784-001-02-3	BRD-K85867784
BRD-K16136380-001-01-7	BRD-K16136380	BRD-U32859412-000-01-6	BRD-U32859412
BRD-K16136380-001-03-3	BRD-K16136380	BRD-U31911056-000-01-7	BRD-U31911056
BRD-K16136380-001-02-5	BRD-K16136380	BRD-U63926453-000-01-5	BRD-U63926453
BRD-K39479472-096-06-9	BRD-K39479472	BRD-K39479472-373-06-9	BRD-K39479472
BRD-K68867920-051-12-3	BRD-K68867920	BRD-M66874015-051-04-2	BRD-M66874015
BRD-K68867920-051-11-5	BRD-K68867920	BRD-M66874015-051-02-6	BRD-M66874015
BRD-K07940445-310-02-9	BRD-K07940445	BRD-K99257182-310-01-6	BRD-K99257182
BRD-K89348303-001-17-0	BRD-K89348303	BRD-K01296542-001-01-1	BRD-K01296542
BRD-K58114536-066-04-3	BRD-K58114536	BRD-K58826770-066-01-3	BRD-K58826770
BRD-K77474816-003-14-1	BRD-K77474816	BRD-A65053077-003-01-0	BRD-A65053077
BRD-K33082088-001-03-3	BRD-K33082088	BRD-K17930269-001-01-8	BRD-K17930269
BRD-K60369935-001-18-3	BRD-K60369935	BRD-K94397152-001-01-6	BRD-K94397152
BRD-K01507359-001-23-7	BRD-K01507359	BRD-K66218091-001-01-2	BRD-K66218091
BRD-K01507359-001-22-9	BRD-K01507359	BRD-K56156786-001-01-6	BRD-K56156786
BRD-K28346421-001-08-4	BRD-K28346421	BRD-K55889443-001-03-4	BRD-K55889443
BRD-K28346421-001-07-6	BRD-K28346421	BRD-K42569090-001-01-8	BRD-K42569090
BRD-K28346421-001-06-8	BRD-K28346421	BRD-K62325629-001-01-0	BRD-K62325629
BRD-K01638814-051-16-8	BRD-K01638814	BRD-M62162320-051-04-6	BRD-M62162320
BRD-K37130656-001-04-6	BRD-K37130656	BRD-A50033377-001-02-8	BRD-A50033377
BRD-K43305603-004-03-6	BRD-K43305603	BRD-A40127632-004-01-8	BRD-A40127632
BRD-K43305603-004-02-8	BRD-K43305603	BRD-K58951486-004-01-5	BRD-K58951486
BRD-K33623053-304-02-5	BRD-K33623053	BRD-K36163066-304-01-6	BRD-K36163066
BRD-K82941592-238-04-5	BRD-K82941592	BRD-M41627219-238-01-7	BRD-M41627219
BRD-K38684403-001-05-4	BRD-K38684403	BRD-K58211978-001-01-5	BRD-K58211978
BRD-K56211775-001-03-8	BRD-K56211775	BRD-A96383502-001-01-3	BRD-A96383502
BRD-K00234327-036-05-1	BRD-K00234327	BRD-M08478673-036-02-1	BRD-M08478673
BRD-K20482099-001-11-0	BRD-K20482099	BRD-A76747559-001-03-1	BRD-A76747559
BRD-K20482099-001-10-2	BRD-K20482099	BRD-K22924152-001-01-4	BRD-K22924152
BRD-K53972329-001-07-0	BRD-K53972329	BRD-K19601669-001-02-7	BRD-K19601669
BRD-K91456750-238-01-7	BRD-K91456750	BRD-M32063731-001-01-7	BRD-M32063731
BRD-K93632104-001-19-8	BRD-K93632104	BRD-M30512773-001-05-5	BRD-M30512773
BRD-K93632104-001-18-0	BRD-K93632104	BRD-M30512773-001-06-3	BRD-M30512773
BRD-K42497885-001-01-1	BRD-K42497885	BRD-K50134774-416-01-3	BRD-K50134774
BRD-K42497885-001-01-1	BRD-K42497885	BRD-U84587623-000-01-5	BRD-U84587623
BRD-K78809024-001-05-7	BRD-K78809024	BRD-K01253243-001-03-0	BRD-K01253243
BRD-K72925150-001-11-1	BRD-K72925150	BRD-K35504063-001-01-7	BRD-K35504063
BRD-K01825659-001-01-9	BRD-K01825659	BRD-U65696040-000-01-2	BRD-U65696040
BRD-K82036761-003-20-3	BRD-K82036761	BRD-K70464547-003-01-2	BRD-K70464547
BRD-K11631773-001-11-6	BRD-K11631773	BRD-K04837843-001-01-5	BRD-K04837843
BRD-K80353138-001-16-2	BRD-K80353138	BRD-K47267049-001-01-6	BRD-K47267049
BRD-K68379918-001-02-9	BRD-K68379918	BRD-M11664367-001-01-8	BRD-M11664367
BRD-K22134346-001-30-6	BRD-K22134346	BRD-K94986873-001-01-4	BRD-K94986873
BRD-K84937637-001-11-5	BRD-K84937637	BRD-K79988249-001-01-6	BRD-K79988249
BRD-K71772032-001-01-3	BRD-K71772032	BRD-M71798497-001-01-4	BRD-M71798497
BRD-K71772032-315-02-5	BRD-K71772032	BRD-M47753525-343-01-2	BRD-M47753525
BRD-K71772032-315-01-7	BRD-K71772032	BRD-A29840884-001-01-2	BRD-A29840884
BRD-K71772032-315-03-9	BRD-K71772032	BRD-K71772032-343-03-9	BRD-K71772032
BRD-K10836013-001-01-3	BRD-K10836013	BRD-U60340452-000-01-3	BRD-U60340452
BRD-K19416115-001-05-3	BRD-K19416115	BRD-U27206154-000-01-9	BRD-U27206154
BRD-K79402892-001-07-5	BRD-K79402892	BRD-K16553588-001-01-3	BRD-K16553588
BRD-K93201765-001-01-0	BRD-K93201765	BRD-M54096567-001-02-7	BRD-M54096567
BRD-K00026984-001-02-9	BRD-K00026984	BRD-K05674516-001-02-5	BRD-K05674516
BRD-K66845263-001-04-8	BRD-K66845263	BRD-K10999968-001-01-4	BRD-K10999968
BRD-K68405354-001-07-2	BRD-K68405354	BRD-K96659869-001-09-4	BRD-K96659869
BRD-K07612980-001-07-9	BRD-K07612980	BRD-A26423207-001-01-0	BRD-A26423207
BRD-K11905747-300-12-1	BRD-K11905747	BRD-K38300715-300-01-5	BRD-K38300715
BRD-K90027355-001-19-0	BRD-K90027355	BRD-A97808748-001-03-8	BRD-A97808748
BRD-K90027355-001-20-8	BRD-K90027355	BRD-A71422083-001-15-5	BRD-A71422083
BRD-K90027355-001-20-8	BRD-K90027355	BRD-K30171400-001-01-2	BRD-K30171400
BRD-K93880783-001-28-2	BRD-K93880783	BRD-A06317634-001-10-2	BRD-A06317634
BRD-K41422683-001-05-5	BRD-K41422683	BRD-K84424780-001-01-0	BRD-K84424780
BRD-K07166362-330-01-0	BRD-K07166362	BRD-K91768078-330-01-5	BRD-K91768078
BRD-K07166362-330-01-0	BRD-K07166362	BRD-M30124979-326-01-1	BRD-M30124979
BRD-K07166362-330-02-8	BRD-K07166362	BRD-K91768078-330-02-3	BRD-K91768078
BRD-K07166362-330-02-8	BRD-K07166362	BRD-M87628937-326-02-2	BRD-M87628937
BRD-K34411947-001-17-4	BRD-K34411947	BRD-A25576662-001-02-2	BRD-A25576662
BRD-K83146339-001-04-0	BRD-K83146339	BRD-M65265990-001-03-0	BRD-M65265990
BRD-K83146339-001-03-2	BRD-K83146339	BRD-K88014802-001-01-9	BRD-K88014802
BRD-K83146339-001-03-2	BRD-K83146339	BRD-M65265990-001-02-2	BRD-M65265990
BRD-K83146339-001-05-7	BRD-K83146339	BRD-K83146339-001-01-6	BRD-K83146339
BRD-K58968598-001-03-6	BRD-K58968598	BRD-K23414802-001-01-9	BRD-K23414802
BRD-K44133266-001-10-0	BRD-K44133266	BRD-K85679373-001-01-1	BRD-K85679373
BRD-K44133266-236-03-7	BRD-K44133266	BRD-K85679373-236-01-3	BRD-K85679373
BRD-K72384124-001-08-0	BRD-K72384124	BRD-K73698987-001-01-3	BRD-K73698987
BRD-K04254814-001-01-8	BRD-K04254814	BRD-M62362637-001-02-9	BRD-M62362637
BRD-K84810336-001-01-9	BRD-K84810336	BRD-K05009775-001-02-0	BRD-K05009775
BRD-K38602774-001-03-2	BRD-K38602774	BRD-K59265707-001-01-8	BRD-K59265707
BRD-A55272860-001-15-3	BRD-A55272860	BRD-A10715913-001-04-6	BRD-A10715913
BRD-K02965346-001-07-5	BRD-K02965346	BRD-K59067695-001-02-0	BRD-K59067695
BRD-K53600683-051-01-5	BRD-K53600683	BRD-M26279695-051-02-4	BRD-M26279695
BRD-K69608737-001-10-2	BRD-K69608737	BRD-A96754982-001-01-4	BRD-A96754982
BRD-K69608737-001-09-4	BRD-K69608737	BRD-K54509797-001-01-5	BRD-K54509797
BRD-K52751261-001-08-7	BRD-K52751261	BRD-K03865741-001-01-0	BRD-K03865741
BRD-K58501140-002-01-0	BRD-K58501140	BRD-M64443684-002-02-5	BRD-M64443684
BRD-K81473043-001-19-5	BRD-K81473043	BRD-K34504123-001-01-6	BRD-K34504123
BRD-K72912098-001-03-1	BRD-K72912098	BRD-K83470352-001-01-2	BRD-K83470352
BRD-K95053546-001-03-5	BRD-K95053546	BRD-U44097393-000-01-2	BRD-U44097393
BRD-K10362825-001-04-2	BRD-K10362825	BRD-K94631066-001-01-3	BRD-K94631066
BRD-A50157456-065-21-4	BRD-A50157456	BRD-M79902621-065-06-7	BRD-M79902621
BRD-K08078237-001-20-6	BRD-K08078237	BRD-K59640580-001-07-1	BRD-K59640580
BRD-K58049875-001-03-9	BRD-K58049875	BRD-A89819812-001-02-8	BRD-A89819812
BRD-K58049875-001-01-3	BRD-K58049875	BRD-A86083681-001-01-4	BRD-A86083681
BRD-K58049875-001-02-1	BRD-K58049875	BRD-A91347104-001-01-5	BRD-A91347104
BRD-K58049875-001-04-7	BRD-K58049875	BRD-A89819812-001-01-0	BRD-A89819812
BRD-K58049875-001-04-7	BRD-K58049875	BRD-A51799737-001-01-0	BRD-A51799737
BRD-K29229654-304-04-6	BRD-K29229654	BRD-A91757199-001-01-1	BRD-A91757199
BRD-K29229654-304-02-0	BRD-K29229654	BRD-A91757199-304-01-9	BRD-A91757199
BRD-K29229654-304-03-8	BRD-K29229654	BRD-A91757199-304-02-7	BRD-A91757199
BRD-K92968657-001-02-4	BRD-K92968657	BRD-K75058612-001-01-1	BRD-K75058612
BRD-K05619559-001-12-7	BRD-K05619559	BRD-K96342952-001-01-2	BRD-K96342952
BRD-K57305459-001-01-4	BRD-K57305459	BRD-U58371969-000-01-8	BRD-U58371969
BRD-K31283835-001-08-4	BRD-K31283835	BRD-K36280065-001-01-1	BRD-K36280065
BRD-K31283835-048-04-4	BRD-K31283835	BRD-K36280065-048-01-2	BRD-K36280065
BRD-K55675242-001-03-0	BRD-K55675242	BRD-K64622987-001-01-4	BRD-K64622987
BRD-K15014948-001-12-9	BRD-K15014948	BRD-K79165417-001-01-7	BRD-K79165417
BRD-K77554836-001-14-0	BRD-K77554836	BRD-A37780065-001-04-5	BRD-A37780065
BRD-K77554836-001-13-2	BRD-K77554836	BRD-K97780336-001-01-9	BRD-K97780336
BRD-K80431395-001-09-9	BRD-K80431395	BRD-K85975921-001-01-0	BRD-K85975921
BRD-K03243820-001-24-6	BRD-K03243820	BRD-A64485570-001-12-8	BRD-A64485570
BRD-K03243820-001-25-3	BRD-K03243820	BRD-A64485570-001-11-0	BRD-A64485570
BRD-A04497688-001-05-9	BRD-A04497688	BRD-A99644790-001-02-4	BRD-A99644790
BRD-A04497688-001-04-2	BRD-A04497688	BRD-A66155091-001-01-8	BRD-A66155091
BRD-K39484304-001-16-5	BRD-K39484304	BRD-K81258678-001-01-0	BRD-K81258678
BRD-K50866992-003-10-3	BRD-K50866992	BRD-A79226577-003-19-3	BRD-A79226577
BRD-K50866992-003-09-5	BRD-K50866992	BRD-M19407551-300-01-6	BRD-M19407551
BRD-K73529671-001-04-5	BRD-K73529671	BRD-A74160776-001-04-4	BRD-A74160776
BRD-K73529671-001-03-7	BRD-K73529671	BRD-K03928833-001-01-5	BRD-K03928833
BRD-K37753391-046-03-2	BRD-K37753391	BRD-K90749417-046-01-8	BRD-K90749417
BRD-K18787491-001-10-2	BRD-K18787491	BRD-M37437038-001-01-8	BRD-M37437038
BRD-K18787491-001-11-0	BRD-K18787491	BRD-M92812175-001-01-7	BRD-M92812175
BRD-K53532120-003-11-1	BRD-K53532120	BRD-M57185017-300-01-9	BRD-M57185017
BRD-K64381438-001-02-0	BRD-K64381438	BRD-K55641198-001-01-0	BRD-K55641198
BRD-K64381438-001-03-8	BRD-K64381438	BRD-K76197012-001-01-2	BRD-K76197012
BRD-K13050303-001-18-1	BRD-K13050303	BRD-K32566431-001-01-4	BRD-K32566431
BRD-K01825013-385-04-9	BRD-K01825013	BRD-K01825013-335-04-9	BRD-K01825013
BRD-K15697815-001-16-2	BRD-K15697815	BRD-K87300616-001-01-9	BRD-K87300616
BRD-K68185022-001-14-8	BRD-K68185022	BRD-A61767428-001-01-9	BRD-A61767428
BRD-A12417644-001-07-6	BRD-A12417644	BRD-A99182808-001-04-1	BRD-A99182808
BRD-A12417644-001-06-8	BRD-A12417644	BRD-A99182808-001-03-3	BRD-A99182808
BRD-K01825663-001-01-9	BRD-K01825663	BRD-A08013053-003-01-2	BRD-A08013053
BRD-K41260949-236-20-0	BRD-K41260949	BRD-M19962486-236-03-2	BRD-M19962486
BRD-K41260949-236-19-2	BRD-K41260949	BRD-M19962486-236-02-4	BRD-M19962486
BRD-K91065602-003-05-5	BRD-K91065602	BRD-K60071190-003-01-7	BRD-K60071190
BRD-K20168442-004-07-1	BRD-K20168442	BRD-A82463680-004-02-5	BRD-A82463680
BRD-K20168442-004-06-3	BRD-K20168442	BRD-K07365190-004-01-7	BRD-K07365190
BRD-K38548312-001-01-0	BRD-K38548312	BRD-K20177260-001-01-0	BRD-K20177260
BRD-M36487418-001-05-5	BRD-M36487418	BRD-M36487418-001-04-8	BRD-M36487418
BRD-K06519765-065-02-4	BRD-K06519765	BRD-K01188359-065-23-1	BRD-K01188359
BRD-K06519765-001-03-7	BRD-K06519765	BRD-K01188359-001-03-8	BRD-K01188359
BRD-K06519765-065-04-0	BRD-K06519765	BRD-A55594068-065-04-9	BRD-A55594068
BRD-K06519765-001-02-9	BRD-K06519765	BRD-K01188359-001-04-6	BRD-K01188359
BRD-K06519765-001-02-9	BRD-K06519765	BRD-A39708826-001-01-0	BRD-A39708826
BRD-K06519765-001-01-1	BRD-K06519765	BRD-A66484359-001-01-9	BRD-A66484359
BRD-K06519765-065-03-2	BRD-K06519765	BRD-K12515392-065-01-7	BRD-K12515392
BRD-K12251893-065-06-2	BRD-K12251893	BRD-A60414806-065-02-4	BRD-A60414806
BRD-K12251893-065-05-4	BRD-K12251893	BRD-K98953900-065-01-2	BRD-K98953900
BRD-K12251893-065-02-1	BRD-K12251893	BRD-K49229349-065-02-4	BRD-K49229349
BRD-K12251893-065-04-7	BRD-K12251893	BRD-K49229349-065-01-6	BRD-K49229349
BRD-K12251893-065-03-9	BRD-K12251893	BRD-A60578817-065-01-5	BRD-A60578817
BRD-K64120610-046-01-9	BRD-K64120610	BRD-A52946717-045-01-7	BRD-A52946717
BRD-K64120610-001-01-4	BRD-K64120610	BRD-K10549975-001-01-8	BRD-K10549975
BRD-K53318339-001-26-4	BRD-K53318339	BRD-K25429851-001-01-5	BRD-K25429851
BRD-K66850609-001-07-4	BRD-K66850609	BRD-K59331299-001-01-2	BRD-K59331299
BRD-K87343924-001-15-6	BRD-K87343924	BRD-K62662086-001-01-2	BRD-K62662086
BRD-K87343924-001-15-6	BRD-K87343924	BRD-A75409952-001-12-3	BRD-A75409952
BRD-A59337442-051-07-9	BRD-A59337442	BRD-M39942365-051-06-2	BRD-M39942365
BRD-A59337442-051-06-1	BRD-A59337442	BRD-M39942365-051-07-0	BRD-M39942365
BRD-A59337442-051-05-3	BRD-A59337442	BRD-M39942365-051-05-4	BRD-M39942365
BRD-K76703230-004-04-1	BRD-K76703230	BRD-U99450240-000-01-2	BRD-U99450240
BRD-K35586044-003-16-2	BRD-K35586044	BRD-A87445400-003-04-4	BRD-A87445400
BRD-K23067689-001-03-9	BRD-K23067689	BRD-K75153898-001-01-5	BRD-K75153898
BRD-K87714311-001-04-3	BRD-K87714311	BRD-K58673634-001-01-2	BRD-K58673634
BRD-K87714311-001-03-5	BRD-K87714311	BRD-A01145011-001-07-1	BRD-A01145011
BRD-K13330768-001-01-1	BRD-K13330768	BRD-K86452172-410-01-8	BRD-K86452172
BRD-K46654563-238-01-0	BRD-K46654563	BRD-M85357167-001-01-2	BRD-M85357167
BRD-K96631475-001-04-0	BRD-K96631475	BRD-K61920224-001-01-8	BRD-K61920224
BRD-K07395323-001-01-0	BRD-K07395323	BRD-A34299591-001-23-2	BRD-A34299591
BRD-K44408410-001-22-6	BRD-K44408410	BRD-K42136116-001-01-6	BRD-K42136116
BRD-K82903013-001-01-4	BRD-K82903013	BRD-K50339813-001-01-1	BRD-K50339813
BRD-K77791657-001-01-1	BRD-K77791657	BRD-K55942458-001-01-7	BRD-K55942458
BRD-K01825682-077-01-9	BRD-K01825682	BRD-M64651705-077-02-0	BRD-M64651705
BRD-A40504327-003-03-9	BRD-A40504327	BRD-A40504327-001-03-9	BRD-A40504327
BRD-K67173685-001-08-5	BRD-K67173685	BRD-K56468417-001-01-2	BRD-K56468417
BRD-K87535339-001-01-6	BRD-K87535339	BRD-A99177285-001-01-9	BRD-A99177285
BRD-K01666923-236-01-9	BRD-K01666923	BRD-A96977263-236-01-3	BRD-A96977263
BRD-K65377893-001-08-2	BRD-K65377893	BRD-K15457970-001-01-4	BRD-K15457970
