broad_sample	broad_id	plate_map_name	solvent
		C-7161-01-LM6-018	DMSO
BRD-A62035778-004-03-6	BRD-A62035778	C-7161-01-LM6-018	DMSO
BRD-K62196610-001-01-6	BRD-K62196610	C-7161-01-LM6-018	DMSO
BRD-K62277907-001-01-6	BRD-K62277907	C-7161-01-LM6-018	DMSO
BRD-A62071884-001-04-6	BRD-A62071884	C-7161-01-LM6-018	DMSO
BRD-K62200014-003-10-5	BRD-K62200014	C-7161-01-LM6-018	DMSO
BRD-K62310379-001-10-5	BRD-K62310379	C-7161-01-LM6-018	DMSO
BRD-A62525898-001-05-2	BRD-A62525898	C-7161-01-LM6-018	DMSO
BRD-K62627508-001-01-5	BRD-K62627508	C-7161-01-LM6-018	DMSO
BRD-K62685538-001-01-7	BRD-K62685538	C-7161-01-LM6-018	DMSO
BRD-K50691590-001-02-2	BRD-K50691590	C-7161-01-LM6-018	DMSO
BRD-K62562723-003-02-7	BRD-K62562723	C-7161-01-LM6-018	DMSO
BRD-K62676709-065-05-5	BRD-K62676709	C-7161-01-LM6-018	DMSO
BRD-K62734952-001-01-0	BRD-K62734952	C-7161-01-LM6-018	DMSO
BRD-K62762455-001-01-3	BRD-K62762455	C-7161-01-LM6-018	DMSO
BRD-K63126190-003-01-6	BRD-K63126190	C-7161-01-LM6-018	DMSO
BRD-K63178091-001-01-1	BRD-K63178091	C-7161-01-LM6-018	DMSO
BRD-A63310107-001-04-8	BRD-A63310107	C-7161-01-LM6-018	DMSO
BRD-K63430059-001-17-2	BRD-K63430059	C-7161-01-LM6-018	DMSO
BRD-K63150726-001-02-1	BRD-K63150726	C-7161-01-LM6-018	DMSO
BRD-K63343048-001-12-2	BRD-K63343048	C-7161-01-LM6-018	DMSO
BRD-K63504947-001-15-4	BRD-K63504947	C-7161-01-LM6-018	DMSO
BRD-K63736853-001-04-8	BRD-K63736853	C-7161-01-LM6-018	DMSO
BRD-A63752151-001-01-2	BRD-A63752151	C-7161-01-LM6-018	DMSO
BRD-K64338723-001-01-6	BRD-K64338723	C-7161-01-LM6-018	DMSO
BRD-K34328244-001-01-4	BRD-K34328244	C-7161-01-LM6-018	DMSO
BRD-K63828191-003-32-1	BRD-K63828191	C-7161-01-LM6-018	DMSO
BRD-K64052750-001-17-5	BRD-K64052750	C-7161-01-LM6-018	DMSO
BRD-A64406146-001-01-2	BRD-A64406146	C-7161-01-LM6-018	DMSO
BRD-K64622987-001-01-4	BRD-K64622987	C-7161-01-LM6-018	DMSO
BRD-K64785675-001-04-0	BRD-K64785675	C-7161-01-LM6-018	DMSO
BRD-K64838454-001-01-0	BRD-K64838454	C-7161-01-LM6-018	DMSO
BRD-K64890080-001-13-8	BRD-K64890080	C-7161-01-LM6-018	DMSO
BRD-K64755930-003-03-2	BRD-K64755930	C-7161-01-LM6-018	DMSO
BRD-K64800655-001-07-4	BRD-K64800655	C-7161-01-LM6-018	DMSO
BRD-K64925568-001-01-8	BRD-K64925568	C-7161-01-LM6-018	DMSO
BRD-K65170927-001-01-6	BRD-K65170927	C-7161-01-LM6-018	DMSO
BRD-K60230970-001-10-0	BRD-K60230970	C-7161-01-LM6-018	DMSO
BRD-K65678996-001-05-5	BRD-K65678996	C-7161-01-LM6-018	DMSO
BRD-K65820248-001-01-8	BRD-K65820248	C-7161-01-LM6-018	DMSO
BRD-A65248799-001-01-7	BRD-A65248799	C-7161-01-LM6-018	DMSO
BRD-K65428967-001-08-4	BRD-K65428967	C-7161-01-LM6-018	DMSO
BRD-K65781196-001-03-0	BRD-K65781196	C-7161-01-LM6-018	DMSO
BRD-K65928735-001-04-3	BRD-K65928735	C-7161-01-LM6-018	DMSO
BRD-K66175015-001-09-0	BRD-K66175015	C-7161-01-LM6-018	DMSO
BRD-K66412701-066-01-6	BRD-K66412701	C-7161-01-LM6-018	DMSO
BRD-K66538826-001-07-2	BRD-K66538826	C-7161-01-LM6-018	DMSO
BRD-K66876909-001-12-6	BRD-K66876909	C-7161-01-LM6-018	DMSO
BRD-K66404838-310-01-1	BRD-K66404838	C-7161-01-LM6-018	DMSO
BRD-A66419424-001-02-4	BRD-A66419424	C-7161-01-LM6-018	DMSO
BRD-K66615216-003-14-8	BRD-K66615216	C-7161-01-LM6-018	DMSO
BRD-K66911501-003-01-2	BRD-K66911501	C-7161-01-LM6-018	DMSO
BRD-A36057565-001-01-0	BRD-A36057565	C-7161-01-LM6-018	DMSO
BRD-K67174965-001-02-7	BRD-K67174965	C-7161-01-LM6-018	DMSO
BRD-A67479912-001-03-4	BRD-A67479912	C-7161-01-LM6-018	DMSO
BRD-A67097164-001-18-7	BRD-A67097164	C-7161-01-LM6-018	DMSO
BRD-K67121414-001-03-3	BRD-K67121414	C-7161-01-LM6-018	DMSO
BRD-K67277431-002-10-5	BRD-K67277431	C-7161-01-LM6-018	DMSO
BRD-A67516570-001-02-8	BRD-A67516570	C-7161-01-LM6-018	DMSO
		C-7161-01-LM6-024	DMSO
BRD-K73524797-001-01-1	BRD-K73524797	C-7161-01-LM6-024	DMSO
BRD-A73556557-001-06-4	BRD-A73556557	C-7161-01-LM6-024	DMSO
BRD-A73741725-001-02-8	BRD-A73741725	C-7161-01-LM6-024	DMSO
BRD-K73541271-001-03-6	BRD-K73541271	C-7161-01-LM6-024	DMSO
BRD-A20239487-001-24-9	BRD-A20239487	C-7161-01-LM6-024	DMSO
BRD-K73794685-001-01-5	BRD-K73794685	C-7161-01-LM6-024	DMSO
BRD-K74065929-001-07-2	BRD-K74065929	C-7161-01-LM6-024	DMSO
BRD-K74190368-001-04-3	BRD-K74190368	C-7161-01-LM6-024	DMSO
BRD-K74305673-001-06-2	BRD-K74305673	C-7161-01-LM6-024	DMSO
BRD-K50691590-001-02-2	BRD-K50691590	C-7161-01-LM6-024	DMSO
BRD-K74141488-003-11-2	BRD-K74141488	C-7161-01-LM6-024	DMSO
BRD-K74195153-050-12-1	BRD-K74195153	C-7161-01-LM6-024	DMSO
BRD-K74339692-001-01-9	BRD-K74339692	C-7161-01-LM6-024	DMSO
BRD-K74371986-001-01-7	BRD-K74371986	C-7161-01-LM6-024	DMSO
BRD-K74763371-002-04-0	BRD-K74763371	C-7161-01-LM6-024	DMSO
BRD-A74914197-001-02-9	BRD-A74914197	C-7161-01-LM6-024	DMSO
BRD-K75037734-003-13-9	BRD-K75037734	C-7161-01-LM6-024	DMSO
BRD-A75172220-001-04-0	BRD-A75172220	C-7161-01-LM6-024	DMSO
BRD-K74765201-001-16-7	BRD-K74765201	C-7161-01-LM6-024	DMSO
BRD-K75089421-003-24-5	BRD-K75089421	C-7161-01-LM6-024	DMSO
BRD-K75295174-001-05-0	BRD-K75295174	C-7161-01-LM6-024	DMSO
BRD-K75699339-057-08-1	BRD-K75699339	C-7161-01-LM6-024	DMSO
BRD-K75844781-003-08-0	BRD-K75844781	C-7161-01-LM6-024	DMSO
BRD-K76197012-001-01-2	BRD-K76197012	C-7161-01-LM6-024	DMSO
BRD-A75726477-003-21-3	BRD-A75726477	C-7161-01-LM6-024	DMSO
BRD-K75911534-001-01-6	BRD-K75911534	C-7161-01-LM6-024	DMSO
BRD-K76022557-003-02-7	BRD-K76022557	C-7161-01-LM6-024	DMSO
BRD-K76205745-237-16-5	BRD-K76205745	C-7161-01-LM6-024	DMSO
BRD-A76747559-001-03-1	BRD-A76747559	C-7161-01-LM6-024	DMSO
BRD-K76810206-001-07-3	BRD-K76810206	C-7161-01-LM6-024	DMSO
BRD-K76841105-001-04-7	BRD-K76841105	C-7161-01-LM6-024	DMSO
BRD-K76953762-001-08-5	BRD-K76953762	C-7161-01-LM6-024	DMSO
BRD-K76775527-001-30-2	BRD-K76775527	C-7161-01-LM6-024	DMSO
BRD-K76812510-236-14-8	BRD-K76812510	C-7161-01-LM6-024	DMSO
BRD-K77396579-300-01-0	BRD-K77396579	C-7161-01-LM6-024	DMSO
BRD-K77695569-001-30-0	BRD-K77695569	C-7161-01-LM6-024	DMSO
BRD-K60230970-001-10-0	BRD-K60230970	C-7161-01-LM6-024	DMSO
BRD-K78010432-001-21-5	BRD-K78010432	C-7161-01-LM6-024	DMSO
BRD-K78096648-001-05-7	BRD-K78096648	C-7161-01-LM6-024	DMSO
BRD-K45275534-001-01-3	BRD-K45275534	C-7161-01-LM6-024	DMSO
BRD-K77947974-001-16-3	BRD-K77947974	C-7161-01-LM6-024	DMSO
BRD-K78055238-001-01-8	BRD-K78055238	C-7161-01-LM6-024	DMSO
BRD-K78113049-001-16-2	BRD-K78113049	C-7161-01-LM6-024	DMSO
BRD-A78341343-001-01-6	BRD-A78341343	C-7161-01-LM6-024	DMSO
BRD-K78485176-001-07-8	BRD-K78485176	C-7161-01-LM6-024	DMSO
BRD-K78567475-001-01-4	BRD-K78567475	C-7161-01-LM6-024	DMSO
BRD-K78692225-001-24-5	BRD-K78692225	C-7161-01-LM6-024	DMSO
BRD-K78431006-001-10-2	BRD-K78431006	C-7161-01-LM6-024	DMSO
BRD-K78513633-001-15-7	BRD-K78513633	C-7161-01-LM6-024	DMSO
BRD-K78659596-001-03-9	BRD-K78659596	C-7161-01-LM6-024	DMSO
BRD-A78723049-001-01-2	BRD-A78723049	C-7161-01-LM6-024	DMSO
BRD-A79431551-001-01-1	BRD-A79431551	C-7161-01-LM6-024	DMSO
BRD-K79595931-312-01-3	BRD-K79595931	C-7161-01-LM6-024	DMSO
BRD-K79759585-048-04-8	BRD-K79759585	C-7161-01-LM6-024	DMSO
BRD-K79404599-001-09-3	BRD-K79404599	C-7161-01-LM6-024	DMSO
BRD-K79501723-001-04-6	BRD-K79501723	C-7161-01-LM6-024	DMSO
BRD-K79602928-003-19-9	BRD-K79602928	C-7161-01-LM6-024	DMSO
BRD-A79768653-001-12-0	BRD-A79768653	C-7161-01-LM6-024	DMSO
		C-7161-01-LM6-025	DMSO
BRD-A97701745-001-16-0	BRD-A97701745	C-7161-01-LM6-025	DMSO
BRD-K97746869-001-27-0	BRD-K97746869	C-7161-01-LM6-025	DMSO
BRD-K98493452-001-14-9	BRD-K98493452	C-7161-01-LM6-025	DMSO
BRD-K97729603-001-01-2	BRD-K97729603	C-7161-01-LM6-025	DMSO
BRD-K97799481-001-16-0	BRD-K97799481	C-7161-01-LM6-025	DMSO
BRD-K98530306-003-18-3	BRD-K98530306	C-7161-01-LM6-025	DMSO
BRD-K98624455-074-02-8	BRD-K98624455	C-7161-01-LM6-025	DMSO
BRD-K91336023-003-01-0	BRD-K91336023	C-7161-01-LM6-025	DMSO
BRD-K92213669-001-01-3	BRD-K92213669	C-7161-01-LM6-025	DMSO
BRD-K50691590-001-02-2	BRD-K50691590	C-7161-01-LM6-025	DMSO
BRD-A90799790-001-19-9	BRD-A90799790	C-7161-01-LM6-025	DMSO
BRD-K91456750-238-01-7	BRD-K91456750	C-7161-01-LM6-025	DMSO
BRD-K92241597-001-06-0	BRD-K92241597	C-7161-01-LM6-025	DMSO
BRD-K96194081-001-10-2	BRD-K96194081	C-7161-01-LM6-025	DMSO
BRD-K99475619-001-01-2	BRD-K99475619	C-7161-01-LM6-025	DMSO
BRD-K98733875-001-01-4	BRD-K98733875	C-7161-01-LM6-025	DMSO
BRD-K88544581-001-06-1	BRD-K88544581	C-7161-01-LM6-025	DMSO
BRD-K90333595-003-21-4	BRD-K90333595	C-7161-01-LM6-025	DMSO
BRD-A98702003-304-04-8	BRD-A98702003	C-7161-01-LM6-025	DMSO
BRD-A89175223-051-14-8	BRD-A89175223	C-7161-01-LM6-025	DMSO
BRD-K91301684-003-05-5	BRD-K91301684	C-7161-01-LM6-025	DMSO
BRD-K91822704-003-07-2	BRD-K91822704	C-7161-01-LM6-025	DMSO
BRD-K73815512-001-02-5	BRD-K73815512	C-7161-01-LM6-025	DMSO
BRD-K74057757-001-01-9	BRD-K74057757	C-7161-01-LM6-025	DMSO
BRD-K99113996-001-02-0	BRD-K99113996	C-7161-01-LM6-025	DMSO
BRD-A73908300-001-06-7	BRD-A73908300	C-7161-01-LM6-025	DMSO
BRD-K73999723-001-11-3	BRD-K73999723	C-7161-01-LM6-025	DMSO
BRD-A74391928-051-01-3	BRD-A74391928	C-7161-01-LM6-025	DMSO
BRD-K74514084-001-03-9	BRD-K74514084	C-7161-01-LM6-025	DMSO
BRD-K74717603-001-02-2	BRD-K74717603	C-7161-01-LM6-025	DMSO
BRD-A75479906-001-02-4	BRD-A75479906	C-7161-01-LM6-025	DMSO
BRD-K75641298-003-25-0	BRD-K75641298	C-7161-01-LM6-025	DMSO
BRD-A74667430-001-23-6	BRD-A74667430	C-7161-01-LM6-025	DMSO
BRD-A75305484-001-01-3	BRD-A75305484	C-7161-01-LM6-025	DMSO
BRD-K75649340-001-13-1	BRD-K75649340	C-7161-01-LM6-025	DMSO
BRD-K76210423-001-01-6	BRD-K76210423	C-7161-01-LM6-025	DMSO
BRD-K60230970-001-10-0	BRD-K60230970	C-7161-01-LM6-025	DMSO
BRD-A82522119-001-01-7	BRD-A82522119	C-7161-01-LM6-025	DMSO
BRD-K77625799-001-07-7	BRD-K77625799	C-7161-01-LM6-025	DMSO
BRD-K76617868-003-11-9	BRD-K76617868	C-7161-01-LM6-025	DMSO
BRD-K76674262-001-03-3	BRD-K76674262	C-7161-01-LM6-025	DMSO
BRD-K77561571-001-01-1	BRD-K77561571	C-7161-01-LM6-025	DMSO
BRD-K77641333-003-27-1	BRD-K77641333	C-7161-01-LM6-025	DMSO
BRD-K77685957-300-09-1	BRD-K77685957	C-7161-01-LM6-025	DMSO
BRD-K78126613-001-28-5	BRD-K78126613	C-7161-01-LM6-025	DMSO
BRD-K78303961-001-02-3	BRD-K78303961	C-7161-01-LM6-025	DMSO
BRD-K79095980-001-09-6	BRD-K79095980	C-7161-01-LM6-025	DMSO
BRD-K78118466-001-03-3	BRD-K78118466	C-7161-01-LM6-025	DMSO
BRD-A78195072-001-06-2	BRD-A78195072	C-7161-01-LM6-025	DMSO
BRD-A78877355-001-03-0	BRD-A78877355	C-7161-01-LM6-025	DMSO
BRD-K79102359-003-01-6	BRD-K79102359	C-7161-01-LM6-025	DMSO
BRD-A79981887-003-16-4	BRD-A79981887	C-7161-01-LM6-025	DMSO
BRD-A80017228-001-25-7	BRD-A80017228	C-7161-01-LM6-025	DMSO
BRD-K73381542-003-23-4	BRD-K73381542	C-7161-01-LM6-025	DMSO
BRD-K79131256-001-17-9	BRD-K79131256	C-7161-01-LM6-025	DMSO
BRD-K79989959-001-01-4	BRD-K79989959	C-7161-01-LM6-025	DMSO
BRD-K80043866-236-01-1	BRD-K80043866	C-7161-01-LM6-025	DMSO
BRD-K73440166-001-01-3	BRD-K73440166	C-7161-01-LM6-025	DMSO
		C-7161-01-LM6-019	DMSO
BRD-K44844162-001-01-6	BRD-K44844162	C-7161-01-LM6-019	DMSO
BRD-K44876623-001-03-7	BRD-K44876623	C-7161-01-LM6-019	DMSO
BRD-K44974079-001-01-3	BRD-K44974079	C-7161-01-LM6-019	DMSO
BRD-A44863528-001-13-2	BRD-A44863528	C-7161-01-LM6-019	DMSO
BRD-K44942188-001-09-1	BRD-K44942188	C-7161-01-LM6-019	DMSO
BRD-K45033733-001-12-2	BRD-K45033733	C-7161-01-LM6-019	DMSO
BRD-K45158365-001-11-4	BRD-K45158365	C-7161-01-LM6-019	DMSO
BRD-K45245728-335-01-4	BRD-K45245728	C-7161-01-LM6-019	DMSO
BRD-K45330754-001-21-7	BRD-K45330754	C-7161-01-LM6-019	DMSO
BRD-K50691590-001-02-2	BRD-K50691590	C-7161-01-LM6-019	DMSO
BRD-K45168550-001-01-9	BRD-K45168550	C-7161-01-LM6-019	DMSO
BRD-K45252063-001-13-6	BRD-K45252063	C-7161-01-LM6-019	DMSO
BRD-K45503887-001-01-1	BRD-K45503887	C-7161-01-LM6-019	DMSO
BRD-K45746021-003-01-9	BRD-K45746021	C-7161-01-LM6-019	DMSO
BRD-K46133855-304-03-8	BRD-K46133855	C-7161-01-LM6-019	DMSO
BRD-K46290096-001-01-1	BRD-K46290096	C-7161-01-LM6-019	DMSO
BRD-K46424862-001-14-1	BRD-K46424862	C-7161-01-LM6-019	DMSO
BRD-K46654563-238-01-0	BRD-K46654563	C-7161-01-LM6-019	DMSO
BRD-A46179541-311-02-0	BRD-A46179541	C-7161-01-LM6-019	DMSO
BRD-K46604138-001-01-3	BRD-K46604138	C-7161-01-LM6-019	DMSO
BRD-K46692793-004-01-8	BRD-K46692793	C-7161-01-LM6-019	DMSO
BRD-K47095176-001-01-6	BRD-K47095176	C-7161-01-LM6-019	DMSO
BRD-K04887706-375-01-4	BRD-K04887706	C-7161-01-LM6-019	DMSO
BRD-K47642186-001-01-3	BRD-K47642186	C-7161-01-LM6-019	DMSO
BRD-A47364545-003-02-6	BRD-A47364545	C-7161-01-LM6-019	DMSO
BRD-K47554101-001-01-2	BRD-K47554101	C-7161-01-LM6-019	DMSO
BRD-K47639036-003-06-6	BRD-K47639036	C-7161-01-LM6-019	DMSO
BRD-K47780086-001-07-9	BRD-K47780086	C-7161-01-LM6-019	DMSO
BRD-K48195801-001-01-6	BRD-K48195801	C-7161-01-LM6-019	DMSO
BRD-A48237631-001-04-8	BRD-A48237631	C-7161-01-LM6-019	DMSO
BRD-K48367671-001-05-9	BRD-K48367671	C-7161-01-LM6-019	DMSO
BRD-K48461310-234-01-3	BRD-K48461310	C-7161-01-LM6-019	DMSO
BRD-K48213016-001-01-8	BRD-K48213016	C-7161-01-LM6-019	DMSO
BRD-K48300629-001-14-5	BRD-K48300629	C-7161-01-LM6-019	DMSO
BRD-A48570745-001-02-9	BRD-A48570745	C-7161-01-LM6-019	DMSO
BRD-K48894757-001-01-8	BRD-K48894757	C-7161-01-LM6-019	DMSO
BRD-K60230970-001-10-0	BRD-K60230970	C-7161-01-LM6-019	DMSO
BRD-K49215523-001-04-2	BRD-K49215523	C-7161-01-LM6-019	DMSO
BRD-K49350383-001-13-7	BRD-K49350383	C-7161-01-LM6-019	DMSO
BRD-K49075727-001-08-5	BRD-K49075727	C-7161-01-LM6-019	DMSO
BRD-A49160188-003-12-7	BRD-A49160188	C-7161-01-LM6-019	DMSO
BRD-K49328571-001-15-0	BRD-K49328571	C-7161-01-LM6-019	DMSO
BRD-A49399758-015-01-8	BRD-A49399758	C-7161-01-LM6-019	DMSO
BRD-A49622760-001-01-9	BRD-A49622760	C-7161-01-LM6-019	DMSO
BRD-K49685476-001-15-9	BRD-K49685476	C-7161-01-LM6-019	DMSO
BRD-K49807096-003-15-5	BRD-K49807096	C-7161-01-LM6-019	DMSO
BRD-K49865102-001-08-4	BRD-K49865102	C-7161-01-LM6-019	DMSO
BRD-K49671696-045-08-5	BRD-K49671696	C-7161-01-LM6-019	DMSO
BRD-A49765801-001-04-1	BRD-A49765801	C-7161-01-LM6-019	DMSO
BRD-K49840922-001-05-1	BRD-K49840922	C-7161-01-LM6-019	DMSO
BRD-K50031829-001-01-6	BRD-K50031829	C-7161-01-LM6-019	DMSO
BRD-K50422030-001-05-3	BRD-K50422030	C-7161-01-LM6-019	DMSO
BRD-K50564936-001-01-6	BRD-K50564936	C-7161-01-LM6-019	DMSO
BRD-A50675702-001-07-1	BRD-A50675702	C-7161-01-LM6-019	DMSO
BRD-K50398167-236-22-7	BRD-K50398167	C-7161-01-LM6-019	DMSO
BRD-K50498985-001-03-3	BRD-K50498985	C-7161-01-LM6-019	DMSO
BRD-K50590187-001-19-9	BRD-K50590187	C-7161-01-LM6-019	DMSO
BRD-K53508936-001-01-0	BRD-K53508936	C-7161-01-LM6-019	DMSO
		C-7161-01-LM6-027	DMSO
BRD-K92301463-001-05-5	BRD-K92301463	C-7161-01-LM6-027	DMSO
BRD-A92630576-050-24-1	BRD-A92630576	C-7161-01-LM6-027	DMSO
BRD-K92723993-001-06-7	BRD-K92723993	C-7161-01-LM6-027	DMSO
BRD-K92303087-001-01-6	BRD-K92303087	C-7161-01-LM6-027	DMSO
BRD-K92657060-001-05-7	BRD-K92657060	C-7161-01-LM6-027	DMSO
BRD-K61443650-236-13-1	BRD-K61443650	C-7161-01-LM6-027	DMSO
BRD-K93123848-001-04-1	BRD-K93123848	C-7161-01-LM6-027	DMSO
BRD-A93255169-001-28-3	BRD-A93255169	C-7161-01-LM6-027	DMSO
BRD-K93869735-001-01-1	BRD-K93869735	C-7161-01-LM6-027	DMSO
BRD-K50691590-001-02-2	BRD-K50691590	C-7161-01-LM6-027	DMSO
BRD-K93208532-001-02-5	BRD-K93208532	C-7161-01-LM6-027	DMSO
BRD-K93255255-001-02-1	BRD-K93255255	C-7161-01-LM6-027	DMSO
BRD-K93880783-001-26-6	BRD-K93880783	C-7161-01-LM6-027	DMSO
BRD-K93779381-001-01-9	BRD-K93779381	C-7161-01-LM6-027	DMSO
BRD-K93767137-001-01-1	BRD-K93767137	C-7161-01-LM6-027	DMSO
BRD-A94756469-001-04-7	BRD-A94756469	C-7161-01-LM6-027	DMSO
BRD-K94436377-001-10-2	BRD-K94436377	C-7161-01-LM6-027	DMSO
BRD-K95763993-001-19-3	BRD-K95763993	C-7161-01-LM6-027	DMSO
BRD-A94543220-001-24-7	BRD-A94543220	C-7161-01-LM6-027	DMSO
BRD-K94534639-001-02-5	BRD-K94534639	C-7161-01-LM6-027	DMSO
BRD-K95773607-004-03-8	BRD-K95773607	C-7161-01-LM6-027	DMSO
BRD-A95869247-001-26-9	BRD-A95869247	C-7161-01-LM6-027	DMSO
BRD-K96319534-003-03-9	BRD-K96319534	C-7161-01-LM6-027	DMSO
BRD-K96615647-001-01-2	BRD-K96615647	C-7161-01-LM6-027	DMSO
BRD-K95880107-001-02-4	BRD-K95880107	C-7161-01-LM6-027	DMSO
BRD-K96342952-001-01-2	BRD-K96342952	C-7161-01-LM6-027	DMSO
BRD-A96456596-001-02-2	BRD-A96456596	C-7161-01-LM6-027	DMSO
BRD-K97101532-001-02-8	BRD-K97101532	C-7161-01-LM6-027	DMSO
BRD-A97104540-004-15-0	BRD-A97104540	C-7161-01-LM6-027	DMSO
BRD-K97181089-003-24-7	BRD-K97181089	C-7161-01-LM6-027	DMSO
BRD-K97564742-050-32-7	BRD-K97564742	C-7161-01-LM6-027	DMSO
BRD-K97643133-003-09-3	BRD-K97643133	C-7161-01-LM6-027	DMSO
BRD-K97158071-001-18-1	BRD-K97158071	C-7161-01-LM6-027	DMSO
BRD-K97530723-001-20-9	BRD-K97530723	C-7161-01-LM6-027	DMSO
BRD-A97674275-001-11-8	BRD-A97674275	C-7161-01-LM6-027	DMSO
BRD-K93034159-001-25-8	BRD-K93034159	C-7161-01-LM6-027	DMSO
BRD-K60230970-001-10-0	BRD-K60230970	C-7161-01-LM6-027	DMSO
BRD-K95412502-003-01-5	BRD-K95412502	C-7161-01-LM6-027	DMSO
BRD-K97309399-001-09-4	BRD-K97309399	C-7161-01-LM6-027	DMSO
BRD-K93461745-003-25-0	BRD-K93461745	C-7161-01-LM6-027	DMSO
BRD-K94288301-001-01-7	BRD-K94288301	C-7161-01-LM6-027	DMSO
BRD-A95939040-001-01-2	BRD-A95939040	C-7161-01-LM6-027	DMSO
BRD-K99504665-001-01-2	BRD-K99504665	C-7161-01-LM6-027	DMSO
BRD-K98572433-001-02-9	BRD-K98572433	C-7161-01-LM6-027	DMSO
BRD-K90868879-001-03-8	BRD-K90868879	C-7161-01-LM6-027	DMSO
BRD-K91544578-001-03-8	BRD-K91544578	C-7161-01-LM6-027	DMSO
BRD-K99545815-001-06-3	BRD-K99545815	C-7161-01-LM6-027	DMSO
BRD-K90825648-001-02-0	BRD-K90825648	C-7161-01-LM6-027	DMSO
BRD-K91495480-001-02-2	BRD-K91495480	C-7161-01-LM6-027	DMSO
BRD-K41996876-001-06-3	BRD-K41996876	C-7161-01-LM6-027	DMSO
BRD-K99604664-001-01-1	BRD-K99604664	C-7161-01-LM6-027	DMSO
BRD-A97808748-001-03-8	BRD-A97808748	C-7161-01-LM6-027	DMSO
BRD-A97739905-001-26-5	BRD-A97739905	C-7161-01-LM6-027	DMSO
BRD-A38592941-001-02-7	BRD-A38592941	C-7161-01-LM6-027	DMSO
BRD-K98004573-051-02-8	BRD-K98004573	C-7161-01-LM6-027	DMSO
BRD-K97963946-001-01-3	BRD-K97963946	C-7161-01-LM6-027	DMSO
BRD-K97884852-001-05-4	BRD-K97884852	C-7161-01-LM6-027	DMSO
BRD-K07857022-002-01-1	BRD-K07857022	C-7161-01-LM6-027	DMSO
		C-7161-01-LM6-026	DMSO
BRD-K87300616-001-01-9	BRD-K87300616	C-7161-01-LM6-026	DMSO
BRD-A87479750-001-02-7	BRD-A87479750	C-7161-01-LM6-026	DMSO
BRD-K87782578-001-01-4	BRD-K87782578	C-7161-01-LM6-026	DMSO
BRD-A87435144-001-01-6	BRD-A87435144	C-7161-01-LM6-026	DMSO
BRD-K87737963-001-06-0	BRD-K87737963	C-7161-01-LM6-026	DMSO
BRD-K87909389-003-03-4	BRD-K87909389	C-7161-01-LM6-026	DMSO
BRD-A88138582-001-04-8	BRD-A88138582	C-7161-01-LM6-026	DMSO
BRD-K88366685-300-06-0	BRD-K88366685	C-7161-01-LM6-026	DMSO
BRD-K88506063-001-01-8	BRD-K88506063	C-7161-01-LM6-026	DMSO
BRD-K50691590-001-02-2	BRD-K50691590	C-7161-01-LM6-026	DMSO
BRD-K88358234-003-04-8	BRD-K88358234	C-7161-01-LM6-026	DMSO
BRD-K88429204-001-35-1	BRD-K88429204	C-7161-01-LM6-026	DMSO
BRD-K88510285-001-11-1	BRD-K88510285	C-7161-01-LM6-026	DMSO
BRD-K88611939-001-22-4	BRD-K88611939	C-7161-01-LM6-026	DMSO
BRD-K87156652-001-12-7	BRD-K87156652	C-7161-01-LM6-026	DMSO
BRD-A89164055-001-03-3	BRD-A89164055	C-7161-01-LM6-026	DMSO
BRD-K89208535-051-01-5	BRD-K89208535	C-7161-01-LM6-026	DMSO
BRD-K89348303-001-14-7	BRD-K89348303	C-7161-01-LM6-026	DMSO
BRD-K89162000-001-06-4	BRD-K89162000	C-7161-01-LM6-026	DMSO
BRD-K89274813-001-02-3	BRD-K89274813	C-7161-01-LM6-026	DMSO
BRD-K89375097-300-08-8	BRD-K89375097	C-7161-01-LM6-026	DMSO
BRD-M89827113-001-01-5	BRD-M89827113	C-7161-01-LM6-026	DMSO
BRD-K89997465-003-43-0	BRD-K89997465	C-7161-01-LM6-026	DMSO
BRD-A90625545-001-02-0	BRD-A90625545	C-7161-01-LM6-026	DMSO
BRD-K89917372-001-01-2	BRD-K89917372	C-7161-01-LM6-026	DMSO
BRD-K90195324-003-02-5	BRD-K90195324	C-7161-01-LM6-026	DMSO
BRD-A90547603-001-02-5	BRD-A90547603	C-7161-01-LM6-026	DMSO
BRD-K90777969-300-01-2	BRD-K90777969	C-7161-01-LM6-026	DMSO
BRD-K90948141-001-01-4	BRD-K90948141	C-7161-01-LM6-026	DMSO
BRD-K91159026-001-01-7	BRD-K91159026	C-7161-01-LM6-026	DMSO
BRD-A05457250-001-05-0	BRD-A05457250	C-7161-01-LM6-026	DMSO
BRD-K91308639-001-02-7	BRD-K91308639	C-7161-01-LM6-026	DMSO
BRD-K91111634-001-01-2	BRD-K91111634	C-7161-01-LM6-026	DMSO
BRD-K91263825-003-21-4	BRD-K91263825	C-7161-01-LM6-026	DMSO
BRD-K91315211-300-05-7	BRD-K91315211	C-7161-01-LM6-026	DMSO
BRD-K91601245-001-12-0	BRD-K91601245	C-7161-01-LM6-026	DMSO
BRD-K60230970-001-10-0	BRD-K60230970	C-7161-01-LM6-026	DMSO
BRD-A91877226-001-01-4	BRD-A91877226	C-7161-01-LM6-026	DMSO
BRD-K92049597-001-20-8	BRD-K92049597	C-7161-01-LM6-026	DMSO
BRD-A91699651-316-10-9	BRD-A91699651	C-7161-01-LM6-026	DMSO
BRD-K91825936-001-01-2	BRD-K91825936	C-7161-01-LM6-026	DMSO
BRD-K92041145-001-09-5	BRD-K92041145	C-7161-01-LM6-026	DMSO
BRD-K92093830-003-30-8	BRD-K92093830	C-7161-01-LM6-026	DMSO
BRD-K98769987-001-23-7	BRD-K98769987	C-7161-01-LM6-026	DMSO
BRD-A98990573-003-01-3	BRD-A98990573	C-7161-01-LM6-026	DMSO
BRD-K99092662-001-01-1	BRD-K99092662	C-7161-01-LM6-026	DMSO
BRD-K99792991-001-34-9	BRD-K99792991	C-7161-01-LM6-026	DMSO
BRD-A98845662-036-03-7	BRD-A98845662	C-7161-01-LM6-026	DMSO
BRD-K99023089-001-03-7	BRD-K99023089	C-7161-01-LM6-026	DMSO
BRD-K99749624-001-07-0	BRD-K99749624	C-7161-01-LM6-026	DMSO
BRD-A99939097-001-24-2	BRD-A99939097	C-7161-01-LM6-026	DMSO
BRD-K99383816-001-02-7	BRD-K99383816	C-7161-01-LM6-026	DMSO
BRD-A65051990-001-12-9	BRD-A65051990	C-7161-01-LM6-026	DMSO
BRD-A20348246-001-15-8	BRD-A20348246	C-7161-01-LM6-026	DMSO
BRD-K99257182-310-01-6	BRD-K99257182	C-7161-01-LM6-026	DMSO
BRD-K99451608-001-07-3	BRD-K99451608	C-7161-01-LM6-026	DMSO
BRD-K91740057-001-19-8	BRD-K91740057	C-7161-01-LM6-026	DMSO
BRD-A15931911-001-03-8	BRD-A15931911	C-7161-01-LM6-026	DMSO
		C-7161-01-LM6-022	DMSO
BRD-K74363950-004-01-0	BRD-K74363950	C-7161-01-LM6-022	DMSO
BRD-K75958547-238-01-0	BRD-K75958547	C-7161-01-LM6-022	DMSO
BRD-K77908580-001-09-6	BRD-K77908580	C-7161-01-LM6-022	DMSO
BRD-A74980173-001-11-9	BRD-A74980173	C-7161-01-LM6-022	DMSO
BRD-K76908866-001-07-6	BRD-K76908866	C-7161-01-LM6-022	DMSO
BRD-K79254416-001-22-6	BRD-K79254416	C-7161-01-LM6-022	DMSO
BRD-K68103045-001-02-9	BRD-K68103045	C-7161-01-LM6-022	DMSO
BRD-K68164687-001-01-6	BRD-K68164687	C-7161-01-LM6-022	DMSO
BRD-K68532323-003-02-8	BRD-K68532323	C-7161-01-LM6-022	DMSO
BRD-K50691590-001-02-2	BRD-K50691590	C-7161-01-LM6-022	DMSO
BRD-K68132782-003-13-8	BRD-K68132782	C-7161-01-LM6-022	DMSO
BRD-K68232413-001-01-2	BRD-K68232413	C-7161-01-LM6-022	DMSO
BRD-K68552125-001-05-3	BRD-K68552125	C-7161-01-LM6-022	DMSO
BRD-K68693535-001-03-4	BRD-K68693535	C-7161-01-LM6-022	DMSO
BRD-K68747584-001-02-0	BRD-K68747584	C-7161-01-LM6-022	DMSO
BRD-K69247067-001-01-8	BRD-K69247067	C-7161-01-LM6-022	DMSO
BRD-A69275535-001-01-5	BRD-A69275535	C-7161-01-LM6-022	DMSO
BRD-K70330367-003-07-9	BRD-K70330367	C-7161-01-LM6-022	DMSO
BRD-K69236721-001-02-7	BRD-K69236721	C-7161-01-LM6-022	DMSO
BRD-A69636825-003-04-7	BRD-A69636825	C-7161-01-LM6-022	DMSO
BRD-K70358946-001-15-7	BRD-K70358946	C-7161-01-LM6-022	DMSO
BRD-K70401845-003-09-6	BRD-K70401845	C-7161-01-LM6-022	DMSO
BRD-K70778732-003-26-7	BRD-K70778732	C-7161-01-LM6-022	DMSO
BRD-K70914287-300-02-8	BRD-K70914287	C-7161-01-LM6-022	DMSO
BRD-K70463136-001-01-5	BRD-K70463136	C-7161-01-LM6-022	DMSO
BRD-A70858459-001-01-7	BRD-A70858459	C-7161-01-LM6-022	DMSO
BRD-K70912147-001-01-8	BRD-K70912147	C-7161-01-LM6-022	DMSO
BRD-K71221037-001-01-6	BRD-K71221037	C-7161-01-LM6-022	DMSO
BRD-K71281111-001-04-3	BRD-K71281111	C-7161-01-LM6-022	DMSO
BRD-K71480163-001-01-4	BRD-K71480163	C-7161-01-LM6-022	DMSO
BRD-K72222507-003-16-8	BRD-K72222507	C-7161-01-LM6-022	DMSO
BRD-A72309220-001-04-1	BRD-A72309220	C-7161-01-LM6-022	DMSO
BRD-K71289571-001-11-4	BRD-K71289571	C-7161-01-LM6-022	DMSO
BRD-K72215350-001-06-5	BRD-K72215350	C-7161-01-LM6-022	DMSO
BRD-A72390365-001-15-2	BRD-A72390365	C-7161-01-LM6-022	DMSO
BRD-K73196317-003-14-8	BRD-K73196317	C-7161-01-LM6-022	DMSO
BRD-K60230970-001-10-0	BRD-K60230970	C-7161-01-LM6-022	DMSO
BRD-K73319509-001-08-0	BRD-K73319509	C-7161-01-LM6-022	DMSO
BRD-K67844266-003-01-9	BRD-K67844266	C-7161-01-LM6-022	DMSO
BRD-K73237276-001-01-0	BRD-K73237276	C-7161-01-LM6-022	DMSO
BRD-A73368467-003-17-6	BRD-A73368467	C-7161-01-LM6-022	DMSO
BRD-K67789209-001-01-0	BRD-K67789209	C-7161-01-LM6-022	DMSO
BRD-K68488863-001-04-9	BRD-K68488863	C-7161-01-LM6-022	DMSO
BRD-K68938568-001-01-7	BRD-K68938568	C-7161-01-LM6-022	DMSO
BRD-K70557564-305-03-6	BRD-K70557564	C-7161-01-LM6-022	DMSO
BRD-K72414522-001-06-7	BRD-K72414522	C-7161-01-LM6-022	DMSO
BRD-K81144366-003-19-7	BRD-K81144366	C-7161-01-LM6-022	DMSO
BRD-A69815203-001-07-6	BRD-A69815203	C-7161-01-LM6-022	DMSO
BRD-K71035033-001-07-1	BRD-K71035033	C-7161-01-LM6-022	DMSO
BRD-K80700417-001-04-2	BRD-K80700417	C-7161-01-LM6-022	DMSO
BRD-A81233518-004-16-1	BRD-A81233518	C-7161-01-LM6-022	DMSO
BRD-K81957469-001-01-0	BRD-K81957469	C-7161-01-LM6-022	DMSO
BRD-K82135108-001-04-3	BRD-K82135108	C-7161-01-LM6-022	DMSO
BRD-K82677201-001-01-6	BRD-K82677201	C-7161-01-LM6-022	DMSO
BRD-K81258678-001-01-0	BRD-K81258678	C-7161-01-LM6-022	DMSO
BRD-A82035391-001-02-7	BRD-A82035391	C-7161-01-LM6-022	DMSO
BRD-A82156122-001-01-9	BRD-A82156122	C-7161-01-LM6-022	DMSO
BRD-K82746043-001-15-1	BRD-K82746043	C-7161-01-LM6-022	DMSO
		C-7161-01-LM6-023	DMSO
BRD-A67862938-034-14-9	BRD-A67862938	C-7161-01-LM6-023	DMSO
BRD-K67966701-001-11-6	BRD-K67966701	C-7161-01-LM6-023	DMSO
BRD-K68065987-300-09-1	BRD-K68065987	C-7161-01-LM6-023	DMSO
BRD-K67901620-001-02-0	BRD-K67901620	C-7161-01-LM6-023	DMSO
BRD-K67102207-236-07-7	BRD-K67102207	C-7161-01-LM6-023	DMSO
BRD-K68095457-001-10-1	BRD-K68095457	C-7161-01-LM6-023	DMSO
BRD-K68232650-001-02-2	BRD-K68232650	C-7161-01-LM6-023	DMSO
BRD-A68304895-003-02-2	BRD-A68304895	C-7161-01-LM6-023	DMSO
BRD-K68392338-003-02-0	BRD-K68392338	C-7161-01-LM6-023	DMSO
BRD-K50691590-001-02-2	BRD-K50691590	C-7161-01-LM6-023	DMSO
BRD-A68281735-001-18-6	BRD-A68281735	C-7161-01-LM6-023	DMSO
BRD-K68346641-001-02-2	BRD-K68346641	C-7161-01-LM6-023	DMSO
BRD-A68464583-001-02-5	BRD-A68464583	C-7161-01-LM6-023	DMSO
BRD-A68493689-001-01-9	BRD-A68493689	C-7161-01-LM6-023	DMSO
BRD-K68867920-051-11-5	BRD-K68867920	C-7161-01-LM6-023	DMSO
BRD-A68888262-003-15-1	BRD-A68888262	C-7161-01-LM6-023	DMSO
BRD-A68942014-003-01-7	BRD-A68942014	C-7161-01-LM6-023	DMSO
BRD-K69116396-001-04-1	BRD-K69116396	C-7161-01-LM6-023	DMSO
BRD-K68870568-066-01-5	BRD-K68870568	C-7161-01-LM6-023	DMSO
BRD-K69001009-001-02-8	BRD-K69001009	C-7161-01-LM6-023	DMSO
BRD-K69122748-001-10-1	BRD-K69122748	C-7161-01-LM6-023	DMSO
BRD-K35189033-001-26-1	BRD-K35189033	C-7161-01-LM6-023	DMSO
BRD-K69726595-001-01-2	BRD-K69726595	C-7161-01-LM6-023	DMSO
BRD-K70301465-001-02-6	BRD-K70301465	C-7161-01-LM6-023	DMSO
BRD-K69726342-238-02-4	BRD-K69726342	C-7161-01-LM6-023	DMSO
BRD-K69776681-001-03-8	BRD-K69776681	C-7161-01-LM6-023	DMSO
BRD-A70083328-001-23-5	BRD-A70083328	C-7161-01-LM6-023	DMSO
BRD-K70301876-034-13-7	BRD-K70301876	C-7161-01-LM6-023	DMSO
BRD-K70464547-003-01-2	BRD-K70464547	C-7161-01-LM6-023	DMSO
BRD-K70505054-003-12-4	BRD-K70505054	C-7161-01-LM6-023	DMSO
BRD-K70511574-001-06-9	BRD-K70511574	C-7161-01-LM6-023	DMSO
BRD-K70592483-001-01-0	BRD-K70592483	C-7161-01-LM6-023	DMSO
BRD-K70490179-300-01-2	BRD-K70490179	C-7161-01-LM6-023	DMSO
BRD-K70507123-001-09-7	BRD-K70507123	C-7161-01-LM6-023	DMSO
BRD-K70610771-001-02-9	BRD-K70610771	C-7161-01-LM6-023	DMSO
BRD-K70924353-001-01-2	BRD-K70924353	C-7161-01-LM6-023	DMSO
BRD-K60230970-001-10-0	BRD-K60230970	C-7161-01-LM6-023	DMSO
BRD-K71075609-003-01-0	BRD-K71075609	C-7161-01-LM6-023	DMSO
BRD-K71106091-001-06-1	BRD-K71106091	C-7161-01-LM6-023	DMSO
BRD-A70998768-004-01-1	BRD-A70998768	C-7161-01-LM6-023	DMSO
BRD-K71058253-001-01-9	BRD-K71058253	C-7161-01-LM6-023	DMSO
BRD-K71103788-003-12-0	BRD-K71103788	C-7161-01-LM6-023	DMSO
BRD-K71164191-001-01-0	BRD-K71164191	C-7161-01-LM6-023	DMSO
BRD-K71603915-003-01-8	BRD-K71603915	C-7161-01-LM6-023	DMSO
BRD-K71822263-001-03-2	BRD-K71822263	C-7161-01-LM6-023	DMSO
BRD-K72029282-001-22-0	BRD-K72029282	C-7161-01-LM6-023	DMSO
BRD-K72093121-001-16-3	BRD-K72093121	C-7161-01-LM6-023	DMSO
BRD-K71799949-001-36-4	BRD-K71799949	C-7161-01-LM6-023	DMSO
BRD-K72005722-001-01-2	BRD-K72005722	C-7161-01-LM6-023	DMSO
BRD-A72066420-001-04-5	BRD-A72066420	C-7161-01-LM6-023	DMSO
BRD-K72166146-066-05-4	BRD-K72166146	C-7161-01-LM6-023	DMSO
BRD-K72827473-001-01-0	BRD-K72827473	C-7161-01-LM6-023	DMSO
BRD-K72951360-001-01-4	BRD-K72951360	C-7161-01-LM6-023	DMSO
BRD-K73107279-003-12-5	BRD-K73107279	C-7161-01-LM6-023	DMSO
BRD-A72711497-236-03-8	BRD-A72711497	C-7161-01-LM6-023	DMSO
BRD-K72922393-003-15-2	BRD-K72922393	C-7161-01-LM6-023	DMSO
BRD-K73088654-001-01-9	BRD-K73088654	C-7161-01-LM6-023	DMSO
BRD-K73109821-001-20-1	BRD-K73109821	C-7161-01-LM6-023	DMSO
		C-7161-01-LM6-021	DMSO
BRD-M80207679-001-01-5	BRD-M80207679	C-7161-01-LM6-021	DMSO
BRD-K80343549-001-02-6	BRD-K80343549	C-7161-01-LM6-021	DMSO
BRD-K19111024-001-20-9	BRD-K19111024	C-7161-01-LM6-021	DMSO
BRD-K80267133-001-17-7	BRD-K80267133	C-7161-01-LM6-021	DMSO
BRD-K80396088-001-12-0	BRD-K80396088	C-7161-01-LM6-021	DMSO
BRD-K80608265-001-01-6	BRD-K80608265	C-7161-01-LM6-021	DMSO
BRD-K81272440-236-13-5	BRD-K81272440	C-7161-01-LM6-021	DMSO
BRD-K81458380-001-04-9	BRD-K81458380	C-7161-01-LM6-021	DMSO
BRD-K81528515-001-13-8	BRD-K81528515	C-7161-01-LM6-021	DMSO
BRD-K50691590-001-02-2	BRD-K50691590	C-7161-01-LM6-021	DMSO
BRD-K81332461-001-01-4	BRD-K81332461	C-7161-01-LM6-021	DMSO
BRD-K81473089-003-26-1	BRD-K81473089	C-7161-01-LM6-021	DMSO
BRD-K81694556-003-01-9	BRD-K81694556	C-7161-01-LM6-021	DMSO
BRD-K81916719-001-13-9	BRD-K81916719	C-7161-01-LM6-021	DMSO
BRD-A62025033-001-01-8	BRD-A62025033	C-7161-01-LM6-021	DMSO
BRD-K82234479-001-09-4	BRD-K82234479	C-7161-01-LM6-021	DMSO
BRD-K82244583-001-01-3	BRD-K82244583	C-7161-01-LM6-021	DMSO
BRD-A82396632-008-29-0	BRD-A82396632	C-7161-01-LM6-021	DMSO
BRD-K82225283-001-03-1	BRD-K82225283	C-7161-01-LM6-021	DMSO
BRD-A82395837-001-01-9	BRD-A82395837	C-7161-01-LM6-021	DMSO
BRD-K82467063-001-02-7	BRD-K82467063	C-7161-01-LM6-021	DMSO
BRD-K82767007-001-01-1	BRD-K82767007	C-7161-01-LM6-021	DMSO
BRD-K82795137-001-26-2	BRD-K82795137	C-7161-01-LM6-021	DMSO
BRD-K82967685-300-01-2	BRD-K82967685	C-7161-01-LM6-021	DMSO
BRD-A82772293-001-03-2	BRD-A82772293	C-7161-01-LM6-021	DMSO
BRD-K82846253-001-15-4	BRD-K82846253	C-7161-01-LM6-021	DMSO
BRD-K82941592-238-04-5	BRD-K82941592	C-7161-01-LM6-021	DMSO
BRD-K83057217-001-01-2	BRD-K83057217	C-7161-01-LM6-021	DMSO
BRD-K83699324-001-01-1	BRD-K83699324	C-7161-01-LM6-021	DMSO
BRD-K83794243-001-01-8	BRD-K83794243	C-7161-01-LM6-021	DMSO
BRD-K83963101-001-06-9	BRD-K83963101	C-7161-01-LM6-021	DMSO
BRD-K84091759-001-07-1	BRD-K84091759	C-7161-01-LM6-021	DMSO
BRD-K83720053-001-03-8	BRD-K83720053	C-7161-01-LM6-021	DMSO
BRD-K83837640-001-04-8	BRD-K83837640	C-7161-01-LM6-021	DMSO
BRD-K84163249-001-01-9	BRD-K84163249	C-7161-01-LM6-021	DMSO
BRD-K84683831-001-01-0	BRD-K84683831	C-7161-01-LM6-021	DMSO
BRD-K60230970-001-10-0	BRD-K60230970	C-7161-01-LM6-021	DMSO
BRD-K84794093-001-07-5	BRD-K84794093	C-7161-01-LM6-021	DMSO
BRD-K84810405-003-01-1	BRD-K84810405	C-7161-01-LM6-021	DMSO
BRD-K84698278-001-03-4	BRD-K84698278	C-7161-01-LM6-021	DMSO
BRD-K84783599-001-01-0	BRD-K84783599	C-7161-01-LM6-021	DMSO
BRD-K84798689-236-02-9	BRD-K84798689	C-7161-01-LM6-021	DMSO
BRD-K84892605-001-01-1	BRD-K84892605	C-7161-01-LM6-021	DMSO
BRD-K85119730-001-28-9	BRD-K85119730	C-7161-01-LM6-021	DMSO
BRD-K85337334-004-02-6	BRD-K85337334	C-7161-01-LM6-021	DMSO
BRD-A85439007-001-01-6	BRD-A85439007	C-7161-01-LM6-021	DMSO
BRD-K85606544-001-09-1	BRD-K85606544	C-7161-01-LM6-021	DMSO
BRD-K85307935-236-09-5	BRD-K85307935	C-7161-01-LM6-021	DMSO
BRD-K85406984-001-01-0	BRD-K85406984	C-7161-01-LM6-021	DMSO
BRD-A85548292-001-01-8	BRD-A85548292	C-7161-01-LM6-021	DMSO
BRD-K85679373-001-01-1	BRD-K85679373	C-7161-01-LM6-021	DMSO
BRD-K86307448-001-17-5	BRD-K86307448	C-7161-01-LM6-021	DMSO
BRD-K86797399-001-04-4	BRD-K86797399	C-7161-01-LM6-021	DMSO
BRD-A86871940-001-01-9	BRD-A86871940	C-7161-01-LM6-021	DMSO
BRD-A86248581-001-01-4	BRD-A86248581	C-7161-01-LM6-021	DMSO
BRD-K86525559-001-04-5	BRD-K86525559	C-7161-01-LM6-021	DMSO
BRD-K86816506-001-01-8	BRD-K86816506	C-7161-01-LM6-021	DMSO
BRD-K86882815-001-03-2	BRD-K86882815	C-7161-01-LM6-021	DMSO
		C-7161-01-LM6-009	DMSO
BRD-K25412176-001-01-9	BRD-K25412176	C-7161-01-LM6-009	DMSO
BRD-K24771047-001-01-6	BRD-K24771047	C-7161-01-LM6-009	DMSO
BRD-K28307902-001-21-7	BRD-K28307902	C-7161-01-LM6-009	DMSO
BRD-K26823213-001-02-9	BRD-K26823213	C-7161-01-LM6-009	DMSO
BRD-K31342827-001-08-8	BRD-K31342827	C-7161-01-LM6-009	DMSO
BRD-K28392481-001-05-1	BRD-K28392481	C-7161-01-LM6-009	DMSO
BRD-K28428262-001-04-1	BRD-K28428262	C-7161-01-LM6-009	DMSO
BRD-K28822270-001-01-1	BRD-K28822270	C-7161-01-LM6-009	DMSO
BRD-K28936863-051-33-0	BRD-K28936863	C-7161-01-LM6-009	DMSO
BRD-K50691590-001-02-2	BRD-K50691590	C-7161-01-LM6-009	DMSO
BRD-K28456624-001-01-1	BRD-K28456624	C-7161-01-LM6-009	DMSO
BRD-K28912512-001-23-2	BRD-K28912512	C-7161-01-LM6-009	DMSO
BRD-K28965160-001-01-1	BRD-K28965160	C-7161-01-LM6-009	DMSO
BRD-K29458283-001-29-9	BRD-K29458283	C-7161-01-LM6-009	DMSO
BRD-A29485665-001-12-8	BRD-A29485665	C-7161-01-LM6-009	DMSO
BRD-K29530284-001-06-2	BRD-K29530284	C-7161-01-LM6-009	DMSO
BRD-A29844814-300-01-5	BRD-A29844814	C-7161-01-LM6-009	DMSO
BRD-K29950728-048-17-4	BRD-K29950728	C-7161-01-LM6-009	DMSO
BRD-A29520968-001-02-7	BRD-A29520968	C-7161-01-LM6-009	DMSO
BRD-A29854054-236-12-6	BRD-A29854054	C-7161-01-LM6-009	DMSO
BRD-K29968218-001-03-2	BRD-K29968218	C-7161-01-LM6-009	DMSO
BRD-K30563334-001-02-9	BRD-K30563334	C-7161-01-LM6-009	DMSO
BRD-A30815329-001-10-5	BRD-A30815329	C-7161-01-LM6-009	DMSO
BRD-K26667523-001-02-5	BRD-K26667523	C-7161-01-LM6-009	DMSO
BRD-K30685142-001-15-4	BRD-K30685142	C-7161-01-LM6-009	DMSO
BRD-A30984645-001-01-5	BRD-A30984645	C-7161-01-LM6-009	DMSO
BRD-K26325692-003-01-3	BRD-K26325692	C-7161-01-LM6-009	DMSO
BRD-A28746609-001-11-5	BRD-A28746609	C-7161-01-LM6-009	DMSO
BRD-K28115081-001-02-7	BRD-K28115081	C-7161-01-LM6-009	DMSO
BRD-K30020243-051-02-5	BRD-K30020243	C-7161-01-LM6-009	DMSO
BRD-K31092604-003-03-5	BRD-K31092604	C-7161-01-LM6-009	DMSO
BRD-A31095847-001-02-3	BRD-A31095847	C-7161-01-LM6-009	DMSO
BRD-K29133151-001-03-2	BRD-K29133151	C-7161-01-LM6-009	DMSO
BRD-K30550578-001-01-3	BRD-K30550578	C-7161-01-LM6-009	DMSO
BRD-K31447894-236-01-0	BRD-K31447894	C-7161-01-LM6-009	DMSO
BRD-K32107296-001-16-9	BRD-K32107296	C-7161-01-LM6-009	DMSO
BRD-K60230970-001-10-0	BRD-K60230970	C-7161-01-LM6-009	DMSO
BRD-A32172948-001-07-6	BRD-A32172948	C-7161-01-LM6-009	DMSO
BRD-K31519811-001-02-2	BRD-K31519811	C-7161-01-LM6-009	DMSO
BRD-K32164935-001-30-8	BRD-K32164935	C-7161-01-LM6-009	DMSO
BRD-K32218650-001-01-6	BRD-K32218650	C-7161-01-LM6-009	DMSO
BRD-K31495718-001-01-1	BRD-K31495718	C-7161-01-LM6-009	DMSO
BRD-K31476763-001-01-5	BRD-K31476763	C-7161-01-LM6-009	DMSO
BRD-K32977963-001-05-0	BRD-K32977963	C-7161-01-LM6-009	DMSO
BRD-K33106058-001-16-8	BRD-K33106058	C-7161-01-LM6-009	DMSO
BRD-K33483813-001-10-0	BRD-K33483813	C-7161-01-LM6-009	DMSO
BRD-A33692381-001-01-9	BRD-A33692381	C-7161-01-LM6-009	DMSO
BRD-A33084557-001-06-6	BRD-A33084557	C-7161-01-LM6-009	DMSO
BRD-K33127281-001-05-6	BRD-K33127281	C-7161-01-LM6-009	DMSO
BRD-K33610132-001-02-9	BRD-K33610132	C-7161-01-LM6-009	DMSO
BRD-A33697453-008-02-4	BRD-A33697453	C-7161-01-LM6-009	DMSO
BRD-A34255068-001-34-5	BRD-A34255068	C-7161-01-LM6-009	DMSO
BRD-K34157611-001-16-0	BRD-K34157611	C-7161-01-LM6-009	DMSO
BRD-K28470988-001-02-0	BRD-K28470988	C-7161-01-LM6-009	DMSO
BRD-K34185671-001-02-8	BRD-K34185671	C-7161-01-LM6-009	DMSO
BRD-K34313798-001-01-6	BRD-K34313798	C-7161-01-LM6-009	DMSO
BRD-K34888156-213-01-4	BRD-K34888156	C-7161-01-LM6-009	DMSO
BRD-K35169477-001-01-9	BRD-K35169477	C-7161-01-LM6-009	DMSO
		C-7161-01-LM6-008	DMSO
BRD-A68009927-003-03-7	BRD-A68009927	C-7161-01-LM6-008	DMSO
BRD-K35960502-001-20-0	BRD-K35960502	C-7161-01-LM6-008	DMSO
BRD-K63712959-001-01-8	BRD-K63712959	C-7161-01-LM6-008	DMSO
BRD-K99107520-001-24-1	BRD-K99107520	C-7161-01-LM6-008	DMSO
BRD-A36010170-001-04-0	BRD-A36010170	C-7161-01-LM6-008	DMSO
BRD-K36269323-300-02-6	BRD-K36269323	C-7161-01-LM6-008	DMSO
BRD-K36740062-001-06-6	BRD-K36740062	C-7161-01-LM6-008	DMSO
BRD-K36927236-001-32-6	BRD-K36927236	C-7161-01-LM6-008	DMSO
BRD-K31928526-001-02-1	BRD-K31928526	C-7161-01-LM6-008	DMSO
BRD-K50691590-001-02-2	BRD-K50691590	C-7161-01-LM6-008	DMSO
BRD-K36862742-001-25-6	BRD-K36862742	C-7161-01-LM6-008	DMSO
BRD-K36970462-001-01-6	BRD-K36970462	C-7161-01-LM6-008	DMSO
BRD-K37516142-001-10-5	BRD-K37516142	C-7161-01-LM6-008	DMSO
BRD-K34415467-003-13-0	BRD-K34415467	C-7161-01-LM6-008	DMSO
BRD-K32318651-001-23-7	BRD-K32318651	C-7161-01-LM6-008	DMSO
BRD-K34008116-001-01-7	BRD-K34008116	C-7161-01-LM6-008	DMSO
BRD-K36270037-001-01-7	BRD-K36270037	C-7161-01-LM6-008	DMSO
BRD-A50684349-003-02-9	BRD-A50684349	C-7161-01-LM6-008	DMSO
BRD-K33251802-001-01-3	BRD-K33251802	C-7161-01-LM6-008	DMSO
BRD-K47539947-001-03-7	BRD-K47539947	C-7161-01-LM6-008	DMSO
BRD-K58550667-001-08-7	BRD-K58550667	C-7161-01-LM6-008	DMSO
BRD-K60038276-001-09-0	BRD-K60038276	C-7161-01-LM6-008	DMSO
BRD-K73691377-001-01-6	BRD-K73691377	C-7161-01-LM6-008	DMSO
BRD-K82164249-001-03-5	BRD-K82164249	C-7161-01-LM6-008	DMSO
BRD-K69688083-004-23-1	BRD-K69688083	C-7161-01-LM6-008	DMSO
BRD-K77771411-003-10-7	BRD-K77771411	C-7161-01-LM6-008	DMSO
BRD-K76703230-004-04-1	BRD-K76703230	C-7161-01-LM6-008	DMSO
BRD-K80535353-001-01-4	BRD-K80535353	C-7161-01-LM6-008	DMSO
BRD-A20131130-001-01-7	BRD-A20131130	C-7161-01-LM6-008	DMSO
BRD-K91290917-300-01-8	BRD-K91290917	C-7161-01-LM6-008	DMSO
BRD-K96029467-003-01-9	BRD-K96029467	C-7161-01-LM6-008	DMSO
BRD-K75024268-001-01-0	BRD-K75024268	C-7161-01-LM6-008	DMSO
BRD-K89104321-003-14-8	BRD-K89104321	C-7161-01-LM6-008	DMSO
BRD-K89015388-001-01-7	BRD-K89015388	C-7161-01-LM6-008	DMSO
BRD-K92731339-227-04-9	BRD-K92731339	C-7161-01-LM6-008	DMSO
BRD-K90239174-001-01-8	BRD-K90239174	C-7161-01-LM6-008	DMSO
BRD-K60230970-001-10-0	BRD-K60230970	C-7161-01-LM6-008	DMSO
BRD-K03353589-236-01-4	BRD-K03353589	C-7161-01-LM6-008	DMSO
BRD-K97688263-001-03-7	BRD-K97688263	C-7161-01-LM6-008	DMSO
BRD-K31339321-001-03-6	BRD-K31339321	C-7161-01-LM6-008	DMSO
BRD-K35007173-001-07-5	BRD-K35007173	C-7161-01-LM6-008	DMSO
BRD-M98279124-300-01-1	BRD-M98279124	C-7161-01-LM6-008	DMSO
BRD-K87202646-061-04-9	BRD-K87202646	C-7161-01-LM6-008	DMSO
BRD-K98453471-001-01-7	BRD-K98453471	C-7161-01-LM6-008	DMSO
BRD-K87990216-001-10-2	BRD-K87990216	C-7161-01-LM6-008	DMSO
BRD-K88052444-001-08-8	BRD-K88052444	C-7161-01-LM6-008	DMSO
BRD-K88807631-001-01-3	BRD-K88807631	C-7161-01-LM6-008	DMSO
BRD-A87983072-001-01-1	BRD-A87983072	C-7161-01-LM6-008	DMSO
BRD-K88025533-003-03-3	BRD-K88025533	C-7161-01-LM6-008	DMSO
BRD-K88789588-001-14-9	BRD-K88789588	C-7161-01-LM6-008	DMSO
BRD-K87278688-001-01-0	BRD-K87278688	C-7161-01-LM6-008	DMSO
BRD-A49838158-001-01-1	BRD-A49838158	C-7161-01-LM6-008	DMSO
BRD-K89561498-001-01-7	BRD-K89561498	C-7161-01-LM6-008	DMSO
BRD-K89704198-001-12-3	BRD-K89704198	C-7161-01-LM6-008	DMSO
BRD-K89014967-001-04-3	BRD-K89014967	C-7161-01-LM6-008	DMSO
BRD-K89402695-001-02-3	BRD-K89402695	C-7161-01-LM6-008	DMSO
BRD-A89585551-003-16-6	BRD-A89585551	C-7161-01-LM6-008	DMSO
BRD-K90789829-001-07-8	BRD-K90789829	C-7161-01-LM6-008	DMSO
		C-7161-01-LM6-020	DMSO
BRD-K82522873-001-01-1	BRD-K82522873	C-7161-01-LM6-020	DMSO
BRD-A83081521-001-02-3	BRD-A83081521	C-7161-01-LM6-020	DMSO
BRD-K83405785-001-01-5	BRD-K83405785	C-7161-01-LM6-020	DMSO
BRD-K82603084-408-01-1	BRD-K82603084	C-7161-01-LM6-020	DMSO
BRD-K83186168-001-01-8	BRD-K83186168	C-7161-01-LM6-020	DMSO
BRD-K83508485-001-02-7	BRD-K83508485	C-7161-01-LM6-020	DMSO
BRD-A84174393-236-07-1	BRD-A84174393	C-7161-01-LM6-020	DMSO
BRD-K84564571-001-02-4	BRD-K84564571	C-7161-01-LM6-020	DMSO
BRD-K84925803-001-01-9	BRD-K84925803	C-7161-01-LM6-020	DMSO
BRD-K50691590-001-02-2	BRD-K50691590	C-7161-01-LM6-020	DMSO
BRD-K84466663-001-05-4	BRD-K84466663	C-7161-01-LM6-020	DMSO
BRD-A84575140-001-02-4	BRD-A84575140	C-7161-01-LM6-020	DMSO
BRD-K84986517-001-01-8	BRD-K84986517	C-7161-01-LM6-020	DMSO
BRD-K84996356-001-01-1	BRD-K84996356	C-7161-01-LM6-020	DMSO
BRD-K85090592-008-22-7	BRD-K85090592	C-7161-01-LM6-020	DMSO
BRD-K85833139-001-01-9	BRD-K85833139	C-7161-01-LM6-020	DMSO
BRD-K85925969-001-17-4	BRD-K85925969	C-7161-01-LM6-020	DMSO
BRD-K86892782-001-17-0	BRD-K86892782	C-7161-01-LM6-020	DMSO
BRD-K85751432-001-03-3	BRD-K85751432	C-7161-01-LM6-020	DMSO
BRD-K86118762-001-01-8	BRD-K86118762	C-7161-01-LM6-020	DMSO
BRD-K86930074-001-05-0	BRD-K86930074	C-7161-01-LM6-020	DMSO
BRD-A87130939-001-07-9	BRD-A87130939	C-7161-01-LM6-020	DMSO
BRD-K80082640-001-01-0	BRD-K80082640	C-7161-01-LM6-020	DMSO
BRD-K82236179-213-01-0	BRD-K82236179	C-7161-01-LM6-020	DMSO
BRD-A84481105-003-20-6	BRD-A84481105	C-7161-01-LM6-020	DMSO
BRD-A80151636-066-04-8	BRD-A80151636	C-7161-01-LM6-020	DMSO
BRD-K81795818-019-01-4	BRD-K81795818	C-7161-01-LM6-020	DMSO
BRD-K82928847-001-04-7	BRD-K82928847	C-7161-01-LM6-020	DMSO
BRD-K84011460-051-01-7	BRD-K84011460	C-7161-01-LM6-020	DMSO
BRD-A86216746-046-02-6	BRD-A86216746	C-7161-01-LM6-020	DMSO
BRD-K45117373-001-02-9	BRD-K45117373	C-7161-01-LM6-020	DMSO
BRD-K45152786-001-08-4	BRD-K45152786	C-7161-01-LM6-020	DMSO
BRD-K84748119-050-01-1	BRD-K84748119	C-7161-01-LM6-020	DMSO
BRD-K45071273-003-25-6	BRD-K45071273	C-7161-01-LM6-020	DMSO
BRD-A45153512-001-01-0	BRD-A45153512	C-7161-01-LM6-020	DMSO
BRD-K45875383-001-01-2	BRD-K45875383	C-7161-01-LM6-020	DMSO
BRD-K60230970-001-10-0	BRD-K60230970	C-7161-01-LM6-020	DMSO
BRD-K46018455-001-27-6	BRD-K46018455	C-7161-01-LM6-020	DMSO
BRD-K46937689-001-15-0	BRD-K46937689	C-7161-01-LM6-020	DMSO
BRD-A45889380-300-07-1	BRD-A45889380	C-7161-01-LM6-020	DMSO
BRD-K45924332-001-16-8	BRD-K45924332	C-7161-01-LM6-020	DMSO
BRD-K46839850-050-04-2	BRD-K46839850	C-7161-01-LM6-020	DMSO
BRD-K46970505-003-01-9	BRD-K46970505	C-7161-01-LM6-020	DMSO
BRD-K47000838-001-01-6	BRD-K47000838	C-7161-01-LM6-020	DMSO
BRD-K50133271-001-18-7	BRD-K50133271	C-7161-01-LM6-020	DMSO
BRD-K47976015-001-01-2	BRD-K47976015	C-7161-01-LM6-020	DMSO
BRD-K48578705-001-16-8	BRD-K48578705	C-7161-01-LM6-020	DMSO
BRD-K47869605-001-32-0	BRD-K47869605	C-7161-01-LM6-020	DMSO
BRD-K47936004-003-11-4	BRD-K47936004	C-7161-01-LM6-020	DMSO
BRD-K48068743-001-01-6	BRD-K48068743	C-7161-01-LM6-020	DMSO
BRD-K48722258-300-10-2	BRD-K48722258	C-7161-01-LM6-020	DMSO
BRD-K48892307-001-04-1	BRD-K48892307	C-7161-01-LM6-020	DMSO
BRD-K49456274-001-01-9	BRD-K49456274	C-7161-01-LM6-020	DMSO
BRD-K49555808-001-03-9	BRD-K49555808	C-7161-01-LM6-020	DMSO
BRD-K48812570-001-02-3	BRD-K48812570	C-7161-01-LM6-020	DMSO
BRD-K49404994-001-10-9	BRD-K49404994	C-7161-01-LM6-020	DMSO
BRD-K49504902-001-01-6	BRD-K49504902	C-7161-01-LM6-020	DMSO
BRD-A50033377-001-02-8	BRD-A50033377	C-7161-01-LM6-020	DMSO
		C-7161-01-LM6-011	DMSO
BRD-A03506276-001-01-5	BRD-A03506276	C-7161-01-LM6-011	DMSO
BRD-A03623303-045-09-5	BRD-A03623303	C-7161-01-LM6-011	DMSO
BRD-K04112579-001-07-0	BRD-K04112579	C-7161-01-LM6-011	DMSO
BRD-K03601870-001-01-2	BRD-K03601870	C-7161-01-LM6-011	DMSO
BRD-K04111260-001-10-0	BRD-K04111260	C-7161-01-LM6-011	DMSO
BRD-K04264130-001-01-4	BRD-K04264130	C-7161-01-LM6-011	DMSO
BRD-A04352665-001-05-3	BRD-A04352665	C-7161-01-LM6-011	DMSO
BRD-K04691817-001-01-8	BRD-K04691817	C-7161-01-LM6-011	DMSO
BRD-K04804440-001-09-5	BRD-K04804440	C-7161-01-LM6-011	DMSO
BRD-K50691590-001-02-2	BRD-K50691590	C-7161-01-LM6-011	DMSO
BRD-A04553218-050-16-2	BRD-A04553218	C-7161-01-LM6-011	DMSO
BRD-K04704168-003-14-3	BRD-K04704168	C-7161-01-LM6-011	DMSO
BRD-K04956647-003-02-5	BRD-K04956647	C-7161-01-LM6-011	DMSO
BRD-K04993719-001-01-7	BRD-K04993719	C-7161-01-LM6-011	DMSO
BRD-K05104363-001-10-0	BRD-K05104363	C-7161-01-LM6-011	DMSO
BRD-K05236810-001-19-0	BRD-K05236810	C-7161-01-LM6-011	DMSO
BRD-A05334458-001-02-8	BRD-A05334458	C-7161-01-LM6-011	DMSO
BRD-K05446112-001-01-8	BRD-K05446112	C-7161-01-LM6-011	DMSO
BRD-A05186015-003-19-8	BRD-A05186015	C-7161-01-LM6-011	DMSO
BRD-K05395900-322-05-4	BRD-K05395900	C-7161-01-LM6-011	DMSO
BRD-A05523972-001-01-5	BRD-A05523972	C-7161-01-LM6-011	DMSO
BRD-K05524748-003-04-4	BRD-K05524748	C-7161-01-LM6-011	DMSO
BRD-K05674516-001-02-5	BRD-K05674516	C-7161-01-LM6-011	DMSO
BRD-K05977355-001-19-0	BRD-K05977355	C-7161-01-LM6-011	DMSO
BRD-K05673000-236-12-1	BRD-K05673000	C-7161-01-LM6-011	DMSO
BRD-K05804044-001-06-0	BRD-K05804044	C-7161-01-LM6-011	DMSO
BRD-A05821830-341-01-5	BRD-A05821830	C-7161-01-LM6-011	DMSO
BRD-K06240250-001-01-6	BRD-K06240250	C-7161-01-LM6-011	DMSO
BRD-K06294530-001-01-5	BRD-K06294530	C-7161-01-LM6-011	DMSO
BRD-K06388322-312-02-6	BRD-K06388322	C-7161-01-LM6-011	DMSO
BRD-K06674495-334-03-2	BRD-K06674495	C-7161-01-LM6-011	DMSO
BRD-K06762493-001-08-1	BRD-K06762493	C-7161-01-LM6-011	DMSO
BRD-K06335600-003-20-7	BRD-K06335600	C-7161-01-LM6-011	DMSO
BRD-K06557128-001-07-0	BRD-K06557128	C-7161-01-LM6-011	DMSO
BRD-K06858286-001-01-3	BRD-K06858286	C-7161-01-LM6-011	DMSO
BRD-K06878038-001-18-6	BRD-K06878038	C-7161-01-LM6-011	DMSO
BRD-K60230970-001-10-0	BRD-K60230970	C-7161-01-LM6-011	DMSO
BRD-A06916187-001-02-9	BRD-A06916187	C-7161-01-LM6-011	DMSO
BRD-K07106112-003-03-8	BRD-K07106112	C-7161-01-LM6-011	DMSO
BRD-K06900071-001-01-2	BRD-K06900071	C-7161-01-LM6-011	DMSO
BRD-K06902185-003-01-7	BRD-K06902185	C-7161-01-LM6-011	DMSO
BRD-A06935312-001-04-3	BRD-A06935312	C-7161-01-LM6-011	DMSO
BRD-K07160047-001-01-3	BRD-K07160047	C-7161-01-LM6-011	DMSO
BRD-K07208025-001-29-7	BRD-K07208025	C-7161-01-LM6-011	DMSO
BRD-K07237224-001-19-6	BRD-K07237224	C-7161-01-LM6-011	DMSO
BRD-A07395371-003-10-0	BRD-A07395371	C-7161-01-LM6-011	DMSO
BRD-A07563059-035-01-3	BRD-A07563059	C-7161-01-LM6-011	DMSO
BRD-K07220430-001-18-4	BRD-K07220430	C-7161-01-LM6-011	DMSO
BRD-K07310275-001-02-5	BRD-K07310275	C-7161-01-LM6-011	DMSO
BRD-A07440155-003-25-4	BRD-A07440155	C-7161-01-LM6-011	DMSO
BRD-K04185004-003-11-9	BRD-K04185004	C-7161-01-LM6-011	DMSO
BRD-K07691486-001-15-5	BRD-K07691486	C-7161-01-LM6-011	DMSO
BRD-K07753030-003-17-6	BRD-K07753030	C-7161-01-LM6-011	DMSO
BRD-A07815743-001-01-1	BRD-A07815743	C-7161-01-LM6-011	DMSO
BRD-K07609981-001-01-7	BRD-K07609981	C-7161-01-LM6-011	DMSO
BRD-A07704283-001-01-3	BRD-A07704283	C-7161-01-LM6-011	DMSO
BRD-K07798980-001-01-9	BRD-K07798980	C-7161-01-LM6-011	DMSO
BRD-A33280134-001-04-7	BRD-A33280134	C-7161-01-LM6-011	DMSO
		C-7161-01-LM6-005	DMSO
BRD-K07881437-001-03-8	BRD-K07881437	C-7161-01-LM6-005	DMSO
BRD-A07986123-001-02-8	BRD-A07986123	C-7161-01-LM6-005	DMSO
BRD-K08109215-001-06-4	BRD-K08109215	C-7161-01-LM6-005	DMSO
BRD-K07954936-001-01-3	BRD-K07954936	C-7161-01-LM6-005	DMSO
BRD-K08037784-001-12-6	BRD-K08037784	C-7161-01-LM6-005	DMSO
BRD-A08187463-001-12-9	BRD-A08187463	C-7161-01-LM6-005	DMSO
BRD-K08206212-002-01-0	BRD-K08206212	C-7161-01-LM6-005	DMSO
BRD-K08252256-236-33-8	BRD-K08252256	C-7161-01-LM6-005	DMSO
BRD-K08547377-394-03-5	BRD-K08547377	C-7161-01-LM6-005	DMSO
BRD-K50691590-001-02-2	BRD-K50691590	C-7161-01-LM6-005	DMSO
BRD-K08248804-001-01-8	BRD-K08248804	C-7161-01-LM6-005	DMSO
BRD-A08545410-311-01-8	BRD-A08545410	C-7161-01-LM6-005	DMSO
BRD-K08586861-001-01-1	BRD-K08586861	C-7161-01-LM6-005	DMSO
BRD-K08703257-001-12-1	BRD-K08703257	C-7161-01-LM6-005	DMSO
BRD-K08799216-001-05-3	BRD-K08799216	C-7161-01-LM6-005	DMSO
BRD-K08859203-001-01-9	BRD-K08859203	C-7161-01-LM6-005	DMSO
BRD-K08924299-003-06-1	BRD-K08924299	C-7161-01-LM6-005	DMSO
BRD-K09078998-001-01-4	BRD-K09078998	C-7161-01-LM6-005	DMSO
BRD-K08832567-001-11-5	BRD-K08832567	C-7161-01-LM6-005	DMSO
BRD-K08976401-001-18-5	BRD-K08976401	C-7161-01-LM6-005	DMSO
BRD-K09090949-001-01-9	BRD-K09090949	C-7161-01-LM6-005	DMSO
BRD-K09132007-001-07-5	BRD-K09132007	C-7161-01-LM6-005	DMSO
BRD-A09349126-001-10-7	BRD-A09349126	C-7161-01-LM6-005	DMSO
BRD-K09426783-300-01-0	BRD-K09426783	C-7161-01-LM6-005	DMSO
BRD-K09255212-001-16-6	BRD-K09255212	C-7161-01-LM6-005	DMSO
BRD-K09372874-001-01-0	BRD-K09372874	C-7161-01-LM6-005	DMSO
BRD-K09397065-003-06-1	BRD-K09397065	C-7161-01-LM6-005	DMSO
BRD-K09471561-001-18-2	BRD-K09471561	C-7161-01-LM6-005	DMSO
BRD-A09472452-015-23-4	BRD-A09472452	C-7161-01-LM6-005	DMSO
BRD-K09549677-300-03-4	BRD-K09549677	C-7161-01-LM6-005	DMSO
BRD-K09711437-001-04-3	BRD-K09711437	C-7161-01-LM6-005	DMSO
BRD-K09951645-001-06-8	BRD-K09951645	C-7161-01-LM6-005	DMSO
BRD-A09533288-003-31-2	BRD-A09533288	C-7161-01-LM6-005	DMSO
BRD-K09602097-001-13-6	BRD-K09602097	C-7161-01-LM6-005	DMSO
BRD-A10012892-001-01-9	BRD-A10012892	C-7161-01-LM6-005	DMSO
BRD-A10039652-001-01-2	BRD-A10039652	C-7161-01-LM6-005	DMSO
BRD-K60230970-001-10-0	BRD-K60230970	C-7161-01-LM6-005	DMSO
BRD-K10843433-001-22-7	BRD-K10843433	C-7161-01-LM6-005	DMSO
BRD-K10852020-001-04-5	BRD-K10852020	C-7161-01-LM6-005	DMSO
BRD-A10070317-003-28-3	BRD-A10070317	C-7161-01-LM6-005	DMSO
BRD-K10670311-001-15-5	BRD-K10670311	C-7161-01-LM6-005	DMSO
BRD-K10845183-304-01-6	BRD-K10845183	C-7161-01-LM6-005	DMSO
BRD-K10859802-001-01-0	BRD-K10859802	C-7161-01-LM6-005	DMSO
BRD-A10903566-003-07-7	BRD-A10903566	C-7161-01-LM6-005	DMSO
BRD-A10967948-003-06-3	BRD-A10967948	C-7161-01-LM6-005	DMSO
BRD-K11071038-001-01-7	BRD-K11071038	C-7161-01-LM6-005	DMSO
BRD-K11129031-001-27-5	BRD-K11129031	C-7161-01-LM6-005	DMSO
BRD-K10961822-001-05-1	BRD-K10961822	C-7161-01-LM6-005	DMSO
BRD-A10977446-001-12-1	BRD-A10977446	C-7161-01-LM6-005	DMSO
BRD-K11073688-001-01-6	BRD-K11073688	C-7161-01-LM6-005	DMSO
BRD-K80738081-001-26-0	BRD-K80738081	C-7161-01-LM6-005	DMSO
BRD-K11196887-001-21-2	BRD-K11196887	C-7161-01-LM6-005	DMSO
BRD-A11319535-001-03-6	BRD-A11319535	C-7161-01-LM6-005	DMSO
BRD-K11433652-001-17-0	BRD-K11433652	C-7161-01-LM6-005	DMSO
BRD-K11153516-001-05-5	BRD-K11153516	C-7161-01-LM6-005	DMSO
BRD-K11267252-001-04-4	BRD-K11267252	C-7161-01-LM6-005	DMSO
BRD-K11399644-003-11-3	BRD-K11399644	C-7161-01-LM6-005	DMSO
BRD-K11717138-001-30-3	BRD-K11717138	C-7161-01-LM6-005	DMSO
		C-7161-01-LM6-004	DMSO
BRD-A18611368-001-01-5	BRD-A18611368	C-7161-01-LM6-004	DMSO
BRD-K18779551-003-07-8	BRD-K18779551	C-7161-01-LM6-004	DMSO
BRD-A19195498-050-14-1	BRD-A19195498	C-7161-01-LM6-004	DMSO
BRD-K53097745-001-01-5	BRD-K53097745	C-7161-01-LM6-004	DMSO
BRD-K18850819-001-04-6	BRD-K18850819	C-7161-01-LM6-004	DMSO
BRD-K19284129-001-02-6	BRD-K19284129	C-7161-01-LM6-004	DMSO
BRD-K19352500-070-12-4	BRD-K19352500	C-7161-01-LM6-004	DMSO
BRD-A19661776-003-27-6	BRD-A19661776	C-7161-01-LM6-004	DMSO
BRD-A19736161-001-06-7	BRD-A19736161	C-7161-01-LM6-004	DMSO
BRD-K50691590-001-02-2	BRD-K50691590	C-7161-01-LM6-004	DMSO
BRD-K19388745-003-01-7	BRD-K19388745	C-7161-01-LM6-004	DMSO
BRD-K19687926-379-07-4	BRD-K19687926	C-7161-01-LM6-004	DMSO
BRD-A19633847-050-32-1	BRD-A19633847	C-7161-01-LM6-004	DMSO
BRD-K20285085-001-07-1	BRD-K20285085	C-7161-01-LM6-004	DMSO
BRD-A20119038-003-07-8	BRD-A20119038	C-7161-01-LM6-004	DMSO
BRD-K20141153-003-13-7	BRD-K20141153	C-7161-01-LM6-004	DMSO
BRD-K21361524-001-01-1	BRD-K21361524	C-7161-01-LM6-004	DMSO
BRD-K21450440-001-14-6	BRD-K21450440	C-7161-01-LM6-004	DMSO
BRD-A20126139-001-04-2	BRD-A20126139	C-7161-01-LM6-004	DMSO
BRD-K21396683-001-04-8	BRD-K21396683	C-7161-01-LM6-004	DMSO
BRD-K21295289-001-01-6	BRD-K21295289	C-7161-01-LM6-004	DMSO
BRD-K21908111-001-01-8	BRD-K21908111	C-7161-01-LM6-004	DMSO
BRD-K22031190-001-23-6	BRD-K22031190	C-7161-01-LM6-004	DMSO
BRD-A02006392-001-10-7	BRD-A02006392	C-7161-01-LM6-004	DMSO
BRD-K22024824-001-03-7	BRD-K22024824	C-7161-01-LM6-004	DMSO
BRD-A22032524-074-06-5	BRD-A22032524	C-7161-01-LM6-004	DMSO
BRD-K22848513-001-01-9	BRD-K22848513	C-7161-01-LM6-004	DMSO
BRD-K22822991-001-02-3	BRD-K22822991	C-7161-01-LM6-004	DMSO
BRD-K22749967-046-02-3	BRD-K22749967	C-7161-01-LM6-004	DMSO
BRD-K23672206-001-01-4	BRD-K23672206	C-7161-01-LM6-004	DMSO
BRD-K23728141-001-01-2	BRD-K23728141	C-7161-01-LM6-004	DMSO
BRD-K23363278-001-02-1	BRD-K23363278	C-7161-01-LM6-004	DMSO
BRD-A22769835-300-05-7	BRD-A22769835	C-7161-01-LM6-004	DMSO
BRD-K23677682-003-01-2	BRD-K23677682	C-7161-01-LM6-004	DMSO
BRD-K24844714-001-24-5	BRD-K24844714	C-7161-01-LM6-004	DMSO
BRD-K24616672-003-20-1	BRD-K24616672	C-7161-01-LM6-004	DMSO
BRD-K60230970-001-10-0	BRD-K60230970	C-7161-01-LM6-004	DMSO
BRD-K19939891-001-05-4	BRD-K19939891	C-7161-01-LM6-004	DMSO
BRD-K21718444-001-06-8	BRD-K21718444	C-7161-01-LM6-004	DMSO
BRD-K24723746-036-02-5	BRD-K24723746	C-7161-01-LM6-004	DMSO
BRD-K19540840-001-09-4	BRD-K19540840	C-7161-01-LM6-004	DMSO
BRD-K20920669-304-09-1	BRD-K20920669	C-7161-01-LM6-004	DMSO
BRD-K22134346-001-22-3	BRD-K22134346	C-7161-01-LM6-004	DMSO
BRD-K23976833-001-01-0	BRD-K23976833	C-7161-01-LM6-004	DMSO
BRD-K23248433-001-01-8	BRD-K23248433	C-7161-01-LM6-004	DMSO
BRD-K24968862-001-01-0	BRD-K24968862	C-7161-01-LM6-004	DMSO
BRD-K25630527-001-03-8	BRD-K25630527	C-7161-01-LM6-004	DMSO
BRD-A24228527-213-01-9	BRD-A24228527	C-7161-01-LM6-004	DMSO
BRD-K24943235-001-01-3	BRD-K24943235	C-7161-01-LM6-004	DMSO
BRD-A25619068-003-03-4	BRD-A25619068	C-7161-01-LM6-004	DMSO
BRD-K25433859-003-25-4	BRD-K25433859	C-7161-01-LM6-004	DMSO
BRD-A26384407-001-25-1	BRD-A26384407	C-7161-01-LM6-004	DMSO
BRD-A26503646-001-16-6	BRD-A26503646	C-7161-01-LM6-004	DMSO
BRD-K27184429-300-01-3	BRD-K27184429	C-7161-01-LM6-004	DMSO
BRD-K26341917-001-01-3	BRD-K26341917	C-7161-01-LM6-004	DMSO
BRD-A26423207-001-01-0	BRD-A26423207	C-7161-01-LM6-004	DMSO
BRD-K27182532-001-02-3	BRD-K27182532	C-7161-01-LM6-004	DMSO
BRD-K27204852-001-01-9	BRD-K27204852	C-7161-01-LM6-004	DMSO
		C-7161-01-LM6-010	DMSO
BRD-K11973162-003-01-8	BRD-K11973162	C-7161-01-LM6-010	DMSO
BRD-A12077521-003-01-5	BRD-A12077521	C-7161-01-LM6-010	DMSO
BRD-A12230535-001-06-7	BRD-A12230535	C-7161-01-LM6-010	DMSO
BRD-A11990600-001-03-4	BRD-A11990600	C-7161-01-LM6-010	DMSO
BRD-K12219985-001-26-1	BRD-K12219985	C-7161-01-LM6-010	DMSO
BRD-A12237696-001-04-2	BRD-A12237696	C-7161-01-LM6-010	DMSO
BRD-K12423485-001-01-7	BRD-K12423485	C-7161-01-LM6-010	DMSO
BRD-K12609457-001-03-1	BRD-K12609457	C-7161-01-LM6-010	DMSO
BRD-K12737986-001-01-4	BRD-K12737986	C-7161-01-LM6-010	DMSO
BRD-K50691590-001-02-2	BRD-K50691590	C-7161-01-LM6-010	DMSO
BRD-K12539416-001-01-4	BRD-K12539416	C-7161-01-LM6-010	DMSO
BRD-K12735121-001-01-4	BRD-K12735121	C-7161-01-LM6-010	DMSO
BRD-K12787259-001-04-3	BRD-K12787259	C-7161-01-LM6-010	DMSO
BRD-K12867552-001-04-7	BRD-K12867552	C-7161-01-LM6-010	DMSO
BRD-K12885236-001-02-7	BRD-K12885236	C-7161-01-LM6-010	DMSO
BRD-K12932420-001-02-3	BRD-K12932420	C-7161-01-LM6-010	DMSO
BRD-A12994259-001-02-1	BRD-A12994259	C-7161-01-LM6-010	DMSO
BRD-K13050541-001-01-9	BRD-K13050541	C-7161-01-LM6-010	DMSO
BRD-A12896037-001-04-3	BRD-A12896037	C-7161-01-LM6-010	DMSO
BRD-K12994359-001-18-4	BRD-K12994359	C-7161-01-LM6-010	DMSO
BRD-A13084692-001-17-3	BRD-A13084692	C-7161-01-LM6-010	DMSO
BRD-A13133631-001-04-0	BRD-A13133631	C-7161-01-LM6-010	DMSO
BRD-K13183738-317-10-2	BRD-K13183738	C-7161-01-LM6-010	DMSO
BRD-K13356952-001-25-1	BRD-K13356952	C-7161-01-LM6-010	DMSO
BRD-K13154216-001-01-3	BRD-K13154216	C-7161-01-LM6-010	DMSO
BRD-A13188892-066-21-5	BRD-A13188892	C-7161-01-LM6-010	DMSO
BRD-K13296708-001-05-8	BRD-K13296708	C-7161-01-LM6-010	DMSO
BRD-K13390322-001-06-3	BRD-K13390322	C-7161-01-LM6-010	DMSO
BRD-K13646352-001-03-8	BRD-K13646352	C-7161-01-LM6-010	DMSO
BRD-K13756951-001-01-4	BRD-K13756951	C-7161-01-LM6-010	DMSO
BRD-K13926615-003-03-3	BRD-K13926615	C-7161-01-LM6-010	DMSO
BRD-K14175878-001-01-6	BRD-K14175878	C-7161-01-LM6-010	DMSO
BRD-K13662825-001-07-5	BRD-K13662825	C-7161-01-LM6-010	DMSO
BRD-K13819402-003-10-2	BRD-K13819402	C-7161-01-LM6-010	DMSO
BRD-A14262390-065-01-8	BRD-A14262390	C-7161-01-LM6-010	DMSO
BRD-K14529030-001-01-9	BRD-K14529030	C-7161-01-LM6-010	DMSO
BRD-K60230970-001-10-0	BRD-K60230970	C-7161-01-LM6-010	DMSO
BRD-K14704277-001-22-6	BRD-K14704277	C-7161-01-LM6-010	DMSO
BRD-A14798026-001-02-6	BRD-A14798026	C-7161-01-LM6-010	DMSO
BRD-K14619660-001-01-5	BRD-K14619660	C-7161-01-LM6-010	DMSO
BRD-K14653796-001-01-1	BRD-K14653796	C-7161-01-LM6-010	DMSO
BRD-K14796088-003-26-8	BRD-K14796088	C-7161-01-LM6-010	DMSO
BRD-K14870255-001-02-3	BRD-K14870255	C-7161-01-LM6-010	DMSO
BRD-A14886633-001-01-6	BRD-A14886633	C-7161-01-LM6-010	DMSO
BRD-A14966924-003-07-7	BRD-A14966924	C-7161-01-LM6-010	DMSO
BRD-K15010214-364-02-7	BRD-K15010214	C-7161-01-LM6-010	DMSO
BRD-K15170068-001-03-2	BRD-K15170068	C-7161-01-LM6-010	DMSO
BRD-A14941520-051-01-0	BRD-A14941520	C-7161-01-LM6-010	DMSO
BRD-K14993104-001-05-9	BRD-K14993104	C-7161-01-LM6-010	DMSO
BRD-K15108141-001-06-6	BRD-K15108141	C-7161-01-LM6-010	DMSO
BRD-K01638814-051-10-1	BRD-K01638814	C-7161-01-LM6-010	DMSO
BRD-A15202882-003-02-7	BRD-A15202882	C-7161-01-LM6-010	DMSO
BRD-K15318383-201-01-5	BRD-K15318383	C-7161-01-LM6-010	DMSO
BRD-K15426076-001-01-2	BRD-K15426076	C-7161-01-LM6-010	DMSO
BRD-K15179879-001-03-2	BRD-K15179879	C-7161-01-LM6-010	DMSO
BRD-A15297126-001-04-3	BRD-A15297126	C-7161-01-LM6-010	DMSO
BRD-K15409150-001-05-8	BRD-K15409150	C-7161-01-LM6-010	DMSO
BRD-A15435692-003-02-3	BRD-A15435692	C-7161-01-LM6-010	DMSO
		C-7161-01-LM6-006	DMSO
BRD-K18895904-001-16-1	BRD-K18895904	C-7161-01-LM6-006	DMSO
BRD-K18922609-004-23-1	BRD-K18922609	C-7161-01-LM6-006	DMSO
BRD-K19061412-001-02-4	BRD-K19061412	C-7161-01-LM6-006	DMSO
BRD-A18917088-001-04-9	BRD-A18917088	C-7161-01-LM6-006	DMSO
BRD-K18961567-001-01-1	BRD-K18961567	C-7161-01-LM6-006	DMSO
BRD-K19085898-001-01-8	BRD-K19085898	C-7161-01-LM6-006	DMSO
BRD-K19412355-001-01-0	BRD-K19412355	C-7161-01-LM6-006	DMSO
BRD-K19438463-001-05-5	BRD-K19438463	C-7161-01-LM6-006	DMSO
BRD-K19462402-003-24-6	BRD-K19462402	C-7161-01-LM6-006	DMSO
BRD-K50691590-001-02-2	BRD-K50691590	C-7161-01-LM6-006	DMSO
BRD-K19416115-001-05-3	BRD-K19416115	C-7161-01-LM6-006	DMSO
BRD-K19456237-001-27-6	BRD-K19456237	C-7161-01-LM6-006	DMSO
BRD-K19477839-001-07-6	BRD-K19477839	C-7161-01-LM6-006	DMSO
BRD-K53972329-001-07-0	BRD-K53972329	C-7161-01-LM6-006	DMSO
BRD-K19741547-003-01-7	BRD-K19741547	C-7161-01-LM6-006	DMSO
BRD-A19795905-001-08-0	BRD-A19795905	C-7161-01-LM6-006	DMSO
BRD-A19952358-001-11-3	BRD-A19952358	C-7161-01-LM6-006	DMSO
BRD-K20008181-001-01-3	BRD-K20008181	C-7161-01-LM6-006	DMSO
BRD-K19761926-001-02-8	BRD-K19761926	C-7161-01-LM6-006	DMSO
BRD-K20001883-001-02-7	BRD-K20001883	C-7161-01-LM6-006	DMSO
BRD-K20079257-001-09-6	BRD-K20079257	C-7161-01-LM6-006	DMSO
BRD-K20722021-001-02-1	BRD-K20722021	C-7161-01-LM6-006	DMSO
BRD-K20745393-003-01-0	BRD-K20745393	C-7161-01-LM6-006	DMSO
BRD-K21071223-001-02-8	BRD-K21071223	C-7161-01-LM6-006	DMSO
BRD-K20738689-001-01-2	BRD-K20738689	C-7161-01-LM6-006	DMSO
BRD-K20897876-001-10-0	BRD-K20897876	C-7161-01-LM6-006	DMSO
BRD-K20958582-001-01-4	BRD-K20958582	C-7161-01-LM6-006	DMSO
BRD-K21283037-001-21-5	BRD-K21283037	C-7161-01-LM6-006	DMSO
BRD-K21547160-001-01-4	BRD-K21547160	C-7161-01-LM6-006	DMSO
BRD-A21607826-003-05-1	BRD-A21607826	C-7161-01-LM6-006	DMSO
BRD-K21680192-300-14-4	BRD-K21680192	C-7161-01-LM6-006	DMSO
BRD-A21858158-001-23-5	BRD-A21858158	C-7161-01-LM6-006	DMSO
BRD-K21548250-003-19-1	BRD-K21548250	C-7161-01-LM6-006	DMSO
BRD-K21670884-001-01-9	BRD-K21670884	C-7161-01-LM6-006	DMSO
BRD-K21884483-001-03-7	BRD-K21884483	C-7161-01-LM6-006	DMSO
BRD-A22081593-001-11-1	BRD-A22081593	C-7161-01-LM6-006	DMSO
BRD-K60230970-001-10-0	BRD-K60230970	C-7161-01-LM6-006	DMSO
BRD-A22380646-236-05-8	BRD-A22380646	C-7161-01-LM6-006	DMSO
BRD-A22642447-001-01-9	BRD-A22642447	C-7161-01-LM6-006	DMSO
BRD-K22097830-001-01-9	BRD-K22097830	C-7161-01-LM6-006	DMSO
BRD-A22305049-003-13-6	BRD-A22305049	C-7161-01-LM6-006	DMSO
BRD-K22482860-001-21-4	BRD-K22482860	C-7161-01-LM6-006	DMSO
BRD-K22662435-001-18-3	BRD-K22662435	C-7161-01-LM6-006	DMSO
BRD-K22861715-001-17-4	BRD-K22861715	C-7161-01-LM6-006	DMSO
BRD-K22969690-001-04-2	BRD-K22969690	C-7161-01-LM6-006	DMSO
BRD-K23082237-003-01-5	BRD-K23082237	C-7161-01-LM6-006	DMSO
BRD-K23204545-001-16-4	BRD-K23204545	C-7161-01-LM6-006	DMSO
BRD-K22936972-003-23-6	BRD-K22936972	C-7161-01-LM6-006	DMSO
BRD-A23067620-300-01-3	BRD-A23067620	C-7161-01-LM6-006	DMSO
BRD-K23190681-001-01-1	BRD-K23190681	C-7161-01-LM6-006	DMSO
BRD-K23228615-001-02-8	BRD-K23228615	C-7161-01-LM6-006	DMSO
BRD-A24191444-046-02-1	BRD-A24191444	C-7161-01-LM6-006	DMSO
BRD-A02710418-003-11-8	BRD-A02710418	C-7161-01-LM6-006	DMSO
BRD-A24560335-300-01-2	BRD-A24560335	C-7161-01-LM6-006	DMSO
BRD-K23984367-075-15-2	BRD-K23984367	C-7161-01-LM6-006	DMSO
BRD-K24219278-001-01-6	BRD-K24219278	C-7161-01-LM6-006	DMSO
BRD-A24514565-001-09-7	BRD-A24514565	C-7161-01-LM6-006	DMSO
BRD-K24576554-001-04-8	BRD-K24576554	C-7161-01-LM6-006	DMSO
		C-7161-01-LM6-012	DMSO
BRD-K00077635-304-01-2	BRD-K00077635	C-7161-01-LM6-012	DMSO
BRD-K00152668-001-01-5	BRD-K00152668	C-7161-01-LM6-012	DMSO
BRD-K00259736-001-16-4	BRD-K00259736	C-7161-01-LM6-012	DMSO
BRD-A00147595-001-01-5	BRD-A00147595	C-7161-01-LM6-012	DMSO
BRD-A00218260-001-03-4	BRD-A00218260	C-7161-01-LM6-012	DMSO
BRD-A00376169-001-01-6	BRD-A00376169	C-7161-01-LM6-012	DMSO
BRD-K00494077-066-01-9	BRD-K00494077	C-7161-01-LM6-012	DMSO
BRD-A00546892-001-02-6	BRD-A00546892	C-7161-01-LM6-012	DMSO
BRD-K00610438-003-02-5	BRD-K00610438	C-7161-01-LM6-012	DMSO
BRD-K50691590-001-02-2	BRD-K50691590	C-7161-01-LM6-012	DMSO
BRD-K00521308-019-01-9	BRD-K00521308	C-7161-01-LM6-012	DMSO
BRD-K00603606-003-24-0	BRD-K00603606	C-7161-01-LM6-012	DMSO
BRD-K00662280-001-09-4	BRD-K00662280	C-7161-01-LM6-012	DMSO
BRD-K00673382-001-18-9	BRD-K00673382	C-7161-01-LM6-012	DMSO
BRD-K00674894-001-01-4	BRD-K00674894	C-7161-01-LM6-012	DMSO
BRD-A00938334-001-01-3	BRD-A00938334	C-7161-01-LM6-012	DMSO
BRD-K01029106-001-01-4	BRD-K01029106	C-7161-01-LM6-012	DMSO
BRD-K01174345-001-01-9	BRD-K01174345	C-7161-01-LM6-012	DMSO
BRD-K00911143-001-01-9	BRD-K00911143	C-7161-01-LM6-012	DMSO
BRD-K01039503-001-01-2	BRD-K01039503	C-7161-01-LM6-012	DMSO
BRD-K01292756-001-25-0	BRD-K01292756	C-7161-01-LM6-012	DMSO
BRD-K01577834-001-15-1	BRD-K01577834	C-7161-01-LM6-012	DMSO
BRD-A01636364-003-15-1	BRD-A01636364	C-7161-01-LM6-012	DMSO
BRD-A01787639-003-16-9	BRD-A01787639	C-7161-01-LM6-012	DMSO
BRD-K01621533-001-01-1	BRD-K01621533	C-7161-01-LM6-012	DMSO
BRD-K01663662-003-20-2	BRD-K01663662	C-7161-01-LM6-012	DMSO
BRD-K01674964-300-06-3	BRD-K01674964	C-7161-01-LM6-012	DMSO
BRD-K01815685-001-15-5	BRD-K01815685	C-7161-01-LM6-012	DMSO
BRD-K01824921-001-18-5	BRD-K01824921	C-7161-01-LM6-012	DMSO
BRD-K02113016-001-15-4	BRD-K02113016	C-7161-01-LM6-012	DMSO
BRD-K02265150-001-26-5	BRD-K02265150	C-7161-01-LM6-012	DMSO
BRD-K02292852-001-02-1	BRD-K02292852	C-7161-01-LM6-012	DMSO
BRD-K02079473-001-01-3	BRD-K02079473	C-7161-01-LM6-012	DMSO
BRD-K02123250-001-06-7	BRD-K02123250	C-7161-01-LM6-012	DMSO
BRD-K02314383-001-01-3	BRD-K02314383	C-7161-01-LM6-012	DMSO
BRD-A02367930-001-04-5	BRD-A02367930	C-7161-01-LM6-012	DMSO
BRD-K60230970-001-10-0	BRD-K60230970	C-7161-01-LM6-012	DMSO
BRD-K02501528-001-01-1	BRD-K02501528	C-7161-01-LM6-012	DMSO
BRD-K02867583-300-08-9	BRD-K02867583	C-7161-01-LM6-012	DMSO
BRD-K02389548-001-02-5	BRD-K02389548	C-7161-01-LM6-012	DMSO
BRD-K02404261-001-16-7	BRD-K02404261	C-7161-01-LM6-012	DMSO
BRD-K02637541-001-18-0	BRD-K02637541	C-7161-01-LM6-012	DMSO
BRD-K02900412-001-11-3	BRD-K02900412	C-7161-01-LM6-012	DMSO
BRD-K02943813-001-01-9	BRD-K02943813	C-7161-01-LM6-012	DMSO
BRD-A02990301-003-06-6	BRD-A02990301	C-7161-01-LM6-012	DMSO
BRD-A03061970-003-07-3	BRD-A03061970	C-7161-01-LM6-012	DMSO
BRD-K03194791-001-04-8	BRD-K03194791	C-7161-01-LM6-012	DMSO
BRD-K02950022-001-02-9	BRD-K02950022	C-7161-01-LM6-012	DMSO
BRD-K02992638-001-11-8	BRD-K02992638	C-7161-01-LM6-012	DMSO
BRD-K03095347-001-06-1	BRD-K03095347	C-7161-01-LM6-012	DMSO
BRD-K05658747-001-02-9	BRD-K05658747	C-7161-01-LM6-012	DMSO
BRD-A03249105-001-01-9	BRD-A03249105	C-7161-01-LM6-012	DMSO
BRD-K03816923-001-05-4	BRD-K03816923	C-7161-01-LM6-012	DMSO
BRD-K03390685-001-01-7	BRD-K03390685	C-7161-01-LM6-012	DMSO
BRD-A03216249-003-24-3	BRD-A03216249	C-7161-01-LM6-012	DMSO
BRD-K03289534-001-01-4	BRD-K03289534	C-7161-01-LM6-012	DMSO
BRD-K03384561-001-02-7	BRD-K03384561	C-7161-01-LM6-012	DMSO
BRD-K03449891-001-08-6	BRD-K03449891	C-7161-01-LM6-012	DMSO
		C-7161-01-LM6-013	DMSO
BRD-K37289225-001-36-4	BRD-K37289225	C-7161-01-LM6-013	DMSO
BRD-K37385792-003-02-1	BRD-K37385792	C-7161-01-LM6-013	DMSO
BRD-K37561857-001-15-5	BRD-K37561857	C-7161-01-LM6-013	DMSO
BRD-K37355418-236-01-6	BRD-K37355418	C-7161-01-LM6-013	DMSO
BRD-K38744518-001-01-7	BRD-K38744518	C-7161-01-LM6-013	DMSO
BRD-K37590257-001-02-8	BRD-K37590257	C-7161-01-LM6-013	DMSO
BRD-A37780065-001-04-5	BRD-A37780065	C-7161-01-LM6-013	DMSO
BRD-K37872686-003-01-9	BRD-K37872686	C-7161-01-LM6-013	DMSO
BRD-A37959677-001-04-5	BRD-A37959677	C-7161-01-LM6-013	DMSO
BRD-K50691590-001-02-2	BRD-K50691590	C-7161-01-LM6-013	DMSO
BRD-K37846922-001-09-4	BRD-K37846922	C-7161-01-LM6-013	DMSO
BRD-K37890730-001-15-1	BRD-K37890730	C-7161-01-LM6-013	DMSO
BRD-K37991163-003-13-4	BRD-K37991163	C-7161-01-LM6-013	DMSO
BRD-K38183498-001-02-0	BRD-K38183498	C-7161-01-LM6-013	DMSO
BRD-K38436528-003-26-1	BRD-K38436528	C-7161-01-LM6-013	DMSO
BRD-A67373739-001-02-2	BRD-A67373739	C-7161-01-LM6-013	DMSO
BRD-K38868394-001-01-3	BRD-K38868394	C-7161-01-LM6-013	DMSO
BRD-K39339537-001-21-0	BRD-K39339537	C-7161-01-LM6-013	DMSO
BRD-K38473998-001-02-0	BRD-K38473998	C-7161-01-LM6-013	DMSO
BRD-K39252998-003-01-5	BRD-K39252998	C-7161-01-LM6-013	DMSO
BRD-M39350793-334-01-1	BRD-M39350793	C-7161-01-LM6-013	DMSO
BRD-K39974922-001-04-3	BRD-K39974922	C-7161-01-LM6-013	DMSO
BRD-K40227168-001-12-9	BRD-K40227168	C-7161-01-LM6-013	DMSO
BRD-K40758068-001-08-2	BRD-K40758068	C-7161-01-LM6-013	DMSO
BRD-A40084411-003-07-7	BRD-A40084411	C-7161-01-LM6-013	DMSO
BRD-A40639672-234-18-0	BRD-A40639672	C-7161-01-LM6-013	DMSO
BRD-K40738845-001-05-0	BRD-K40738845	C-7161-01-LM6-013	DMSO
BRD-A40787240-066-04-6	BRD-A40787240	C-7161-01-LM6-013	DMSO
BRD-K41185545-001-02-3	BRD-K41185545	C-7161-01-LM6-013	DMSO
BRD-K41260949-236-16-8	BRD-K41260949	C-7161-01-LM6-013	DMSO
BRD-K41434598-003-01-9	BRD-K41434598	C-7161-01-LM6-013	DMSO
BRD-A41451487-001-11-2	BRD-A41451487	C-7161-01-LM6-013	DMSO
BRD-K41213548-001-02-0	BRD-K41213548	C-7161-01-LM6-013	DMSO
BRD-K41410256-304-02-2	BRD-K41410256	C-7161-01-LM6-013	DMSO
BRD-K41524689-001-23-5	BRD-K41524689	C-7161-01-LM6-013	DMSO
BRD-K41783120-001-02-8	BRD-K41783120	C-7161-01-LM6-013	DMSO
BRD-K60230970-001-10-0	BRD-K60230970	C-7161-01-LM6-013	DMSO
BRD-K42352790-001-05-3	BRD-K42352790	C-7161-01-LM6-013	DMSO
BRD-K42495768-001-01-7	BRD-K42495768	C-7161-01-LM6-013	DMSO
BRD-K42098891-003-20-5	BRD-K42098891	C-7161-01-LM6-013	DMSO
BRD-K42348709-003-13-1	BRD-K42348709	C-7161-01-LM6-013	DMSO
BRD-K42417338-045-01-9	BRD-K42417338	C-7161-01-LM6-013	DMSO
BRD-K42679050-001-02-1	BRD-K42679050	C-7161-01-LM6-013	DMSO
BRD-K42948882-305-01-1	BRD-K42948882	C-7161-01-LM6-013	DMSO
BRD-K43002771-034-01-6	BRD-K43002771	C-7161-01-LM6-013	DMSO
BRD-K43164539-001-11-5	BRD-K43164539	C-7161-01-LM6-013	DMSO
BRD-K43457670-001-27-8	BRD-K43457670	C-7161-01-LM6-013	DMSO
BRD-K42981054-001-01-9	BRD-K42981054	C-7161-01-LM6-013	DMSO
BRD-A43082555-001-01-1	BRD-A43082555	C-7161-01-LM6-013	DMSO
BRD-K43410529-001-02-3	BRD-K43410529	C-7161-01-LM6-013	DMSO
BRD-K43578482-001-01-4	BRD-K43578482	C-7161-01-LM6-013	DMSO
BRD-K43887077-003-26-3	BRD-K43887077	C-7161-01-LM6-013	DMSO
BRD-A44090213-001-25-6	BRD-A44090213	C-7161-01-LM6-013	DMSO
BRD-K44309363-003-02-1	BRD-K44309363	C-7161-01-LM6-013	DMSO
BRD-A43882281-001-15-5	BRD-A43882281	C-7161-01-LM6-013	DMSO
BRD-K43966364-237-04-8	BRD-K43966364	C-7161-01-LM6-013	DMSO
BRD-K44273375-001-25-0	BRD-K44273375	C-7161-01-LM6-013	DMSO
BRD-K44353683-001-08-3	BRD-K44353683	C-7161-01-LM6-013	DMSO
		C-7161-01-LM6-007	DMSO
BRD-K41772907-001-01-2	BRD-K41772907	C-7161-01-LM6-007	DMSO
BRD-A42759514-001-20-5	BRD-A42759514	C-7161-01-LM6-007	DMSO
BRD-K42898655-001-01-8	BRD-K42898655	C-7161-01-LM6-007	DMSO
BRD-A42699921-001-02-8	BRD-A42699921	C-7161-01-LM6-007	DMSO
BRD-K42805893-001-04-9	BRD-K42805893	C-7161-01-LM6-007	DMSO
BRD-K43586850-001-02-9	BRD-K43586850	C-7161-01-LM6-007	DMSO
BRD-K43723251-001-01-5	BRD-K43723251	C-7161-01-LM6-007	DMSO
BRD-K43802723-340-01-9	BRD-K43802723	C-7161-01-LM6-007	DMSO
BRD-K44408410-001-17-6	BRD-K44408410	C-7161-01-LM6-007	DMSO
BRD-K50691590-001-02-2	BRD-K50691590	C-7161-01-LM6-007	DMSO
BRD-K43797669-001-30-4	BRD-K43797669	C-7161-01-LM6-007	DMSO
BRD-K44366189-001-01-9	BRD-K44366189	C-7161-01-LM6-007	DMSO
BRD-K44442813-001-12-9	BRD-K44442813	C-7161-01-LM6-007	DMSO
BRD-A44448661-001-04-8	BRD-A44448661	C-7161-01-LM6-007	DMSO
BRD-K37111771-300-02-6	BRD-K37111771	C-7161-01-LM6-007	DMSO
BRD-A38076815-003-10-3	BRD-A38076815	C-7161-01-LM6-007	DMSO
BRD-K38852836-001-02-1	BRD-K38852836	C-7161-01-LM6-007	DMSO
BRD-K41438959-001-01-7	BRD-K41438959	C-7161-01-LM6-007	DMSO
BRD-A37288617-003-02-2	BRD-A37288617	C-7161-01-LM6-007	DMSO
BRD-K40718343-001-02-6	BRD-K40718343	C-7161-01-LM6-007	DMSO
BRD-K42191735-001-05-3	BRD-K42191735	C-7161-01-LM6-007	DMSO
BRD-K43806473-066-02-1	BRD-K43806473	C-7161-01-LM6-007	DMSO
BRD-K51350053-048-16-5	BRD-K51350053	C-7161-01-LM6-007	DMSO
BRD-K52020312-001-26-8	BRD-K52020312	C-7161-01-LM6-007	DMSO
BRD-K51333959-003-01-3	BRD-K51333959	C-7161-01-LM6-007	DMSO
BRD-A51382177-236-03-0	BRD-A51382177	C-7161-01-LM6-007	DMSO
BRD-K51485625-001-08-4	BRD-K51485625	C-7161-01-LM6-007	DMSO
BRD-K52080565-001-09-2	BRD-K52080565	C-7161-01-LM6-007	DMSO
BRD-K52172416-001-11-4	BRD-K52172416	C-7161-01-LM6-007	DMSO
BRD-K52911425-001-09-8	BRD-K52911425	C-7161-01-LM6-007	DMSO
BRD-K52959329-238-01-9	BRD-K52959329	C-7161-01-LM6-007	DMSO
BRD-K52989797-003-26-4	BRD-K52989797	C-7161-01-LM6-007	DMSO
BRD-K52183142-001-01-3	BRD-K52183142	C-7161-01-LM6-007	DMSO
BRD-A52922642-001-03-7	BRD-A52922642	C-7161-01-LM6-007	DMSO
BRD-K53581288-001-02-9	BRD-K53581288	C-7161-01-LM6-007	DMSO
BRD-K53665955-001-03-0	BRD-K53665955	C-7161-01-LM6-007	DMSO
BRD-K60230970-001-10-0	BRD-K60230970	C-7161-01-LM6-007	DMSO
BRD-K54472332-001-03-4	BRD-K54472332	C-7161-01-LM6-007	DMSO
BRD-K54640016-001-04-7	BRD-K54640016	C-7161-01-LM6-007	DMSO
BRD-K53737926-003-27-8	BRD-K53737926	C-7161-01-LM6-007	DMSO
BRD-K53765467-001-02-1	BRD-K53765467	C-7161-01-LM6-007	DMSO
BRD-K54520417-001-01-2	BRD-K54520417	C-7161-01-LM6-007	DMSO
BRD-K54759182-003-08-0	BRD-K54759182	C-7161-01-LM6-007	DMSO
BRD-K55250441-001-13-0	BRD-K55250441	C-7161-01-LM6-007	DMSO
BRD-K89732114-300-08-9	BRD-K89732114	C-7161-01-LM6-007	DMSO
BRD-K73395020-001-02-3	BRD-K73395020	C-7161-01-LM6-007	DMSO
BRD-K01192156-001-02-7	BRD-K01192156	C-7161-01-LM6-007	DMSO
BRD-A55272860-001-15-3	BRD-A55272860	C-7161-01-LM6-007	DMSO
BRD-K48168960-001-19-2	BRD-K48168960	C-7161-01-LM6-007	DMSO
BRD-K70792160-003-04-6	BRD-K70792160	C-7161-01-LM6-007	DMSO
BRD-A84045418-001-03-1	BRD-A84045418	C-7161-01-LM6-007	DMSO
BRD-K60623809-001-02-0	BRD-K60623809	C-7161-01-LM6-007	DMSO
BRD-A56359832-001-11-1	BRD-A56359832	C-7161-01-LM6-007	DMSO
BRD-K51040301-001-02-1	BRD-K51040301	C-7161-01-LM6-007	DMSO
BRD-K67868012-001-07-6	BRD-K67868012	C-7161-01-LM6-007	DMSO
BRD-K40175214-001-11-6	BRD-K40175214	C-7161-01-LM6-007	DMSO
BRD-K51033547-003-02-6	BRD-K51033547	C-7161-01-LM6-007	DMSO
BRD-A51964809-003-12-6	BRD-A51964809	C-7161-01-LM6-007	DMSO
		C-7161-01-LM6-003	DMSO
BRD-K31111078-001-04-2	BRD-K31111078	C-7161-01-LM6-003	DMSO
BRD-A31159102-003-30-4	BRD-A31159102	C-7161-01-LM6-003	DMSO
BRD-K23499943-003-01-6	BRD-K23499943	C-7161-01-LM6-003	DMSO
BRD-K31135544-001-07-0	BRD-K31135544	C-7161-01-LM6-003	DMSO
BRD-K31309378-001-01-5	BRD-K31309378	C-7161-01-LM6-003	DMSO
BRD-K31385749-003-01-3	BRD-K31385749	C-7161-01-LM6-003	DMSO
BRD-A31521121-001-26-4	BRD-A31521121	C-7161-01-LM6-003	DMSO
BRD-K31731454-237-02-5	BRD-K31731454	C-7161-01-LM6-003	DMSO
BRD-K31812033-003-11-0	BRD-K31812033	C-7161-01-LM6-003	DMSO
BRD-K50691590-001-02-2	BRD-K50691590	C-7161-01-LM6-003	DMSO
BRD-K31627533-001-09-5	BRD-K31627533	C-7161-01-LM6-003	DMSO
BRD-A31811760-001-06-7	BRD-A31811760	C-7161-01-LM6-003	DMSO
BRD-K31841515-001-07-8	BRD-K31841515	C-7161-01-LM6-003	DMSO
BRD-K32101625-001-01-6	BRD-K32101625	C-7161-01-LM6-003	DMSO
BRD-K32247306-001-29-4	BRD-K32247306	C-7161-01-LM6-003	DMSO
BRD-K32285926-001-02-1	BRD-K32285926	C-7161-01-LM6-003	DMSO
BRD-K32405725-001-02-8	BRD-K32405725	C-7161-01-LM6-003	DMSO
BRD-K32744045-001-31-2	BRD-K32744045	C-7161-01-LM6-003	DMSO
BRD-A32269193-001-01-5	BRD-A32269193	C-7161-01-LM6-003	DMSO
BRD-K32501161-300-06-2	BRD-K32501161	C-7161-01-LM6-003	DMSO
BRD-K32821942-001-21-3	BRD-K32821942	C-7161-01-LM6-003	DMSO
BRD-K33141550-003-05-7	BRD-K33141550	C-7161-01-LM6-003	DMSO
BRD-K33211335-004-01-7	BRD-K33211335	C-7161-01-LM6-003	DMSO
BRD-A33447119-001-10-8	BRD-A33447119	C-7161-01-LM6-003	DMSO
BRD-A33168282-003-18-0	BRD-A33168282	C-7161-01-LM6-003	DMSO
BRD-K33226500-001-01-0	BRD-K33226500	C-7161-01-LM6-003	DMSO
BRD-K33379087-001-07-5	BRD-K33379087	C-7161-01-LM6-003	DMSO
BRD-K33453211-003-11-5	BRD-K33453211	C-7161-01-LM6-003	DMSO
BRD-A33711280-003-03-1	BRD-A33711280	C-7161-01-LM6-003	DMSO
BRD-K33852358-001-09-9	BRD-K33852358	C-7161-01-LM6-003	DMSO
BRD-A34006693-001-15-4	BRD-A34006693	C-7161-01-LM6-003	DMSO
BRD-K34022604-001-06-6	BRD-K34022604	C-7161-01-LM6-003	DMSO
BRD-K33732501-004-01-0	BRD-K33732501	C-7161-01-LM6-003	DMSO
BRD-K33882852-003-02-8	BRD-K33882852	C-7161-01-LM6-003	DMSO
BRD-K34154330-003-06-4	BRD-K34154330	C-7161-01-LM6-003	DMSO
BRD-K96550715-001-02-6	BRD-K96550715	C-7161-01-LM6-003	DMSO
BRD-K60230970-001-10-0	BRD-K60230970	C-7161-01-LM6-003	DMSO
BRD-A34513497-002-02-3	BRD-A34513497	C-7161-01-LM6-003	DMSO
BRD-K34776109-001-16-6	BRD-K34776109	C-7161-01-LM6-003	DMSO
BRD-K34341643-001-01-4	BRD-K34341643	C-7161-01-LM6-003	DMSO
BRD-K34469523-003-03-0	BRD-K34469523	C-7161-01-LM6-003	DMSO
BRD-K34713073-001-01-3	BRD-K34713073	C-7161-01-LM6-003	DMSO
BRD-K34870043-001-01-8	BRD-K34870043	C-7161-01-LM6-003	DMSO
BRD-K35245662-001-01-2	BRD-K35245662	C-7161-01-LM6-003	DMSO
BRD-K35586044-003-15-4	BRD-K35586044	C-7161-01-LM6-003	DMSO
BRD-K35629949-001-02-0	BRD-K35629949	C-7161-01-LM6-003	DMSO
BRD-K35719256-001-02-6	BRD-K35719256	C-7161-01-LM6-003	DMSO
BRD-K35520305-001-17-7	BRD-K35520305	C-7161-01-LM6-003	DMSO
BRD-K35589454-003-01-1	BRD-K35589454	C-7161-01-LM6-003	DMSO
BRD-K35687421-001-02-5	BRD-K35687421	C-7161-01-LM6-003	DMSO
BRD-K35775715-001-03-1	BRD-K35775715	C-7161-01-LM6-003	DMSO
BRD-A36331462-001-02-1	BRD-A36331462	C-7161-01-LM6-003	DMSO
BRD-K36467523-001-02-8	BRD-K36467523	C-7161-01-LM6-003	DMSO
BRD-K36680103-001-01-6	BRD-K36680103	C-7161-01-LM6-003	DMSO
BRD-K36280065-048-01-2	BRD-K36280065	C-7161-01-LM6-003	DMSO
BRD-K36386086-001-01-1	BRD-K36386086	C-7161-01-LM6-003	DMSO
BRD-K36627727-001-05-4	BRD-K36627727	C-7161-01-LM6-003	DMSO
BRD-K36732695-001-01-9	BRD-K36732695	C-7161-01-LM6-003	DMSO
		C-7161-01-LM6-017	DMSO
BRD-K50163129-001-01-4	BRD-K50163129	C-7161-01-LM6-017	DMSO
BRD-A50764878-003-02-8	BRD-A50764878	C-7161-01-LM6-017	DMSO
BRD-K50938287-036-13-8	BRD-K50938287	C-7161-01-LM6-017	DMSO
BRD-K50168500-001-07-9	BRD-K50168500	C-7161-01-LM6-017	DMSO
BRD-K50859149-001-19-5	BRD-K50859149	C-7161-01-LM6-017	DMSO
BRD-A50998626-001-02-1	BRD-A50998626	C-7161-01-LM6-017	DMSO
BRD-K44771174-066-01-0	BRD-K44771174	C-7161-01-LM6-017	DMSO
BRD-K45542189-048-22-1	BRD-K45542189	C-7161-01-LM6-017	DMSO
BRD-A47598013-004-16-0	BRD-A47598013	C-7161-01-LM6-017	DMSO
BRD-K50691590-001-02-2	BRD-K50691590	C-7161-01-LM6-017	DMSO
BRD-K44827188-001-06-0	BRD-K44827188	C-7161-01-LM6-017	DMSO
BRD-K46386702-001-02-1	BRD-K46386702	C-7161-01-LM6-017	DMSO
BRD-A48430263-003-17-2	BRD-A48430263	C-7161-01-LM6-017	DMSO
BRD-K49111258-003-29-7	BRD-K49111258	C-7161-01-LM6-017	DMSO
BRD-A50311610-300-10-4	BRD-A50311610	C-7161-01-LM6-017	DMSO
BRD-K62387885-001-01-9	BRD-K62387885	C-7161-01-LM6-017	DMSO
BRD-K62398570-300-01-2	BRD-K62398570	C-7161-01-LM6-017	DMSO
BRD-A62879835-001-04-2	BRD-A62879835	C-7161-01-LM6-017	DMSO
BRD-K62363391-001-24-9	BRD-K62363391	C-7161-01-LM6-017	DMSO
BRD-K62858456-001-01-8	BRD-K62858456	C-7161-01-LM6-017	DMSO
BRD-K62965247-001-04-9	BRD-K62965247	C-7161-01-LM6-017	DMSO
BRD-K62391742-001-03-0	BRD-K62391742	C-7161-01-LM6-017	DMSO
BRD-K63550407-001-12-7	BRD-K63550407	C-7161-01-LM6-017	DMSO
BRD-K63675182-003-23-6	BRD-K63675182	C-7161-01-LM6-017	DMSO
BRD-K62996583-001-10-3	BRD-K62996583	C-7161-01-LM6-017	DMSO
BRD-K63630713-001-25-8	BRD-K63630713	C-7161-01-LM6-017	DMSO
BRD-A63675168-001-01-6	BRD-A63675168	C-7161-01-LM6-017	DMSO
BRD-A64553394-001-04-4	BRD-A64553394	C-7161-01-LM6-017	DMSO
BRD-A64485570-001-11-0	BRD-A64485570	C-7161-01-LM6-017	DMSO
BRD-K64538373-001-01-4	BRD-K64538373	C-7161-01-LM6-017	DMSO
BRD-A64977602-001-15-9	BRD-A64977602	C-7161-01-LM6-017	DMSO
BRD-A65013509-003-24-4	BRD-A65013509	C-7161-01-LM6-017	DMSO
BRD-K64504314-001-01-8	BRD-K64504314	C-7161-01-LM6-017	DMSO
BRD-K64931368-003-01-4	BRD-K64931368	C-7161-01-LM6-017	DMSO
BRD-A66155091-001-01-8	BRD-A66155091	C-7161-01-LM6-017	DMSO
BRD-K65991129-001-02-9	BRD-K65991129	C-7161-01-LM6-017	DMSO
BRD-K60230970-001-10-0	BRD-K60230970	C-7161-01-LM6-017	DMSO
BRD-K66937583-001-01-2	BRD-K66937583	C-7161-01-LM6-017	DMSO
BRD-K67043667-001-26-4	BRD-K67043667	C-7161-01-LM6-017	DMSO
BRD-K65992024-001-01-5	BRD-K65992024	C-7161-01-LM6-017	DMSO
BRD-K66035042-001-10-1	BRD-K66035042	C-7161-01-LM6-017	DMSO
BRD-K67017579-001-28-1	BRD-K67017579	C-7161-01-LM6-017	DMSO
BRD-K67068943-001-01-0	BRD-K67068943	C-7161-01-LM6-017	DMSO
BRD-K67525671-001-02-5	BRD-K67525671	C-7161-01-LM6-017	DMSO
BRD-K67680372-003-02-6	BRD-K67680372	C-7161-01-LM6-017	DMSO
BRD-A61793559-001-15-6	BRD-A61793559	C-7161-01-LM6-017	DMSO
BRD-K62737565-003-02-6	BRD-K62737565	C-7161-01-LM6-017	DMSO
BRD-A67616246-001-07-9	BRD-A67616246	C-7161-01-LM6-017	DMSO
BRD-K67783091-001-26-1	BRD-K67783091	C-7161-01-LM6-017	DMSO
BRD-K61988078-001-01-2	BRD-K61988078	C-7161-01-LM6-017	DMSO
BRD-A63236097-001-01-3	BRD-A63236097	C-7161-01-LM6-017	DMSO
BRD-K64874225-001-04-7	BRD-K64874225	C-7161-01-LM6-017	DMSO
BRD-K67080878-001-15-4	BRD-K67080878	C-7161-01-LM6-017	DMSO
BRD-A61767428-001-01-9	BRD-A61767428	C-7161-01-LM6-017	DMSO
BRD-K63861289-001-19-6	BRD-K63861289	C-7161-01-LM6-017	DMSO
BRD-A65280694-003-13-7	BRD-A65280694	C-7161-01-LM6-017	DMSO
BRD-K61693562-300-01-7	BRD-K61693562	C-7161-01-LM6-017	DMSO
BRD-K61691541-001-01-1	BRD-K61691541	C-7161-01-LM6-017	DMSO
		C-7161-01-LM6-016	DMSO
BRD-K81672972-001-03-1	BRD-K81672972	C-7161-01-LM6-016	DMSO
BRD-K51143828-003-03-1	BRD-K51143828	C-7161-01-LM6-016	DMSO
BRD-K51313569-003-03-3	BRD-K51313569	C-7161-01-LM6-016	DMSO
BRD-K51087630-001-01-6	BRD-K51087630	C-7161-01-LM6-016	DMSO
BRD-K51263939-001-08-6	BRD-K51263939	C-7161-01-LM6-016	DMSO
BRD-K51324732-001-01-0	BRD-K51324732	C-7161-01-LM6-016	DMSO
BRD-K51544265-001-04-2	BRD-K51544265	C-7161-01-LM6-016	DMSO
BRD-K51677086-001-12-0	BRD-K51677086	C-7161-01-LM6-016	DMSO
BRD-K51747290-001-13-1	BRD-K51747290	C-7161-01-LM6-016	DMSO
BRD-K50691590-001-02-2	BRD-K50691590	C-7161-01-LM6-016	DMSO
BRD-K51662849-001-05-4	BRD-K51662849	C-7161-01-LM6-016	DMSO
BRD-A51714012-003-13-6	BRD-A51714012	C-7161-01-LM6-016	DMSO
BRD-A51820102-008-28-9	BRD-A51820102	C-7161-01-LM6-016	DMSO
BRD-K51967704-001-03-6	BRD-K51967704	C-7161-01-LM6-016	DMSO
BRD-K52233191-001-02-4	BRD-K52233191	C-7161-01-LM6-016	DMSO
BRD-K52313696-001-12-3	BRD-K52313696	C-7161-01-LM6-016	DMSO
BRD-A52660433-066-02-1	BRD-A52660433	C-7161-01-LM6-016	DMSO
BRD-K52751261-001-06-1	BRD-K52751261	C-7161-01-LM6-016	DMSO
BRD-A52252998-001-01-3	BRD-A52252998	C-7161-01-LM6-016	DMSO
BRD-K52662033-003-21-2	BRD-K52662033	C-7161-01-LM6-016	DMSO
BRD-K52818472-001-02-2	BRD-K52818472	C-7161-01-LM6-016	DMSO
BRD-K53061490-003-13-9	BRD-K53061490	C-7161-01-LM6-016	DMSO
BRD-K53318339-001-24-9	BRD-K53318339	C-7161-01-LM6-016	DMSO
BRD-A53566267-001-01-9	BRD-A53566267	C-7161-01-LM6-016	DMSO
BRD-A53176877-001-04-3	BRD-A53176877	C-7161-01-LM6-016	DMSO
BRD-K53414658-001-08-2	BRD-K53414658	C-7161-01-LM6-016	DMSO
BRD-K53517854-051-01-4	BRD-K53517854	C-7161-01-LM6-016	DMSO
BRD-A53576514-048-14-3	BRD-A53576514	C-7161-01-LM6-016	DMSO
BRD-K53814070-310-01-3	BRD-K53814070	C-7161-01-LM6-016	DMSO
BRD-K53963539-004-02-0	BRD-K53963539	C-7161-01-LM6-016	DMSO
BRD-K54006094-051-01-7	BRD-K54006094	C-7161-01-LM6-016	DMSO
BRD-K54256913-001-08-7	BRD-K54256913	C-7161-01-LM6-016	DMSO
BRD-K53857191-001-22-7	BRD-K53857191	C-7161-01-LM6-016	DMSO
BRD-K53979406-003-02-8	BRD-K53979406	C-7161-01-LM6-016	DMSO
BRD-K54416256-001-19-9	BRD-K54416256	C-7161-01-LM6-016	DMSO
BRD-K54770957-001-04-3	BRD-K54770957	C-7161-01-LM6-016	DMSO
BRD-K60230970-001-10-0	BRD-K60230970	C-7161-01-LM6-016	DMSO
BRD-K55013654-003-02-3	BRD-K55013654	C-7161-01-LM6-016	DMSO
BRD-K55127134-300-11-2	BRD-K55127134	C-7161-01-LM6-016	DMSO
BRD-K54847683-001-03-2	BRD-K54847683	C-7161-01-LM6-016	DMSO
BRD-K54936858-001-01-6	BRD-K54936858	C-7161-01-LM6-016	DMSO
BRD-K55026842-001-01-4	BRD-K55026842	C-7161-01-LM6-016	DMSO
BRD-K55191674-237-18-3	BRD-K55191674	C-7161-01-LM6-016	DMSO
BRD-K85140930-001-12-7	BRD-K85140930	C-7161-01-LM6-016	DMSO
BRD-A77216878-001-01-4	BRD-A77216878	C-7161-01-LM6-016	DMSO
BRD-K36324071-363-01-3	BRD-K36324071	C-7161-01-LM6-016	DMSO
BRD-A58280226-312-01-3	BRD-A58280226	C-7161-01-LM6-016	DMSO
BRD-A69951442-001-01-3	BRD-A69951442	C-7161-01-LM6-016	DMSO
BRD-A43331270-001-01-6	BRD-A43331270	C-7161-01-LM6-016	DMSO
BRD-K07572174-001-17-0	BRD-K07572174	C-7161-01-LM6-016	DMSO
BRD-K41895714-001-01-4	BRD-K41895714	C-7161-01-LM6-016	DMSO
BRD-K53417444-003-03-1	BRD-K53417444	C-7161-01-LM6-016	DMSO
BRD-A54880345-001-20-9	BRD-A54880345	C-7161-01-LM6-016	DMSO
BRD-K23875128-001-04-2	BRD-K23875128	C-7161-01-LM6-016	DMSO
BRD-K52618540-001-09-9	BRD-K52618540	C-7161-01-LM6-016	DMSO
BRD-K54028654-001-02-6	BRD-K54028654	C-7161-01-LM6-016	DMSO
BRD-K86301799-001-34-8	BRD-K86301799	C-7161-01-LM6-016	DMSO
BRD-K64990520-001-08-4	BRD-K64990520	C-7161-01-LM6-016	DMSO
		C-7161-01-LM6-002	DMSO
BRD-K15502390-001-20-9	BRD-K15502390	C-7161-01-LM6-002	DMSO
BRD-K15567136-003-27-2	BRD-K15567136	C-7161-01-LM6-002	DMSO
BRD-A15909516-001-06-6	BRD-A15909516	C-7161-01-LM6-002	DMSO
BRD-K15507868-001-03-7	BRD-K15507868	C-7161-01-LM6-002	DMSO
BRD-K15766189-001-09-8	BRD-K15766189	C-7161-01-LM6-002	DMSO
BRD-K15916496-001-27-9	BRD-K15916496	C-7161-01-LM6-002	DMSO
BRD-K15933101-003-06-1	BRD-K15933101	C-7161-01-LM6-002	DMSO
BRD-K16037980-001-01-1	BRD-K16037980	C-7161-01-LM6-002	DMSO
BRD-K16133773-001-01-9	BRD-K16133773	C-7161-01-LM6-002	DMSO
BRD-K50691590-001-02-2	BRD-K50691590	C-7161-01-LM6-002	DMSO
BRD-K15976406-001-03-3	BRD-K15976406	C-7161-01-LM6-002	DMSO
BRD-K16077845-001-06-1	BRD-K16077845	C-7161-01-LM6-002	DMSO
BRD-K16195444-003-26-0	BRD-K16195444	C-7161-01-LM6-002	DMSO
BRD-K16295392-003-01-3	BRD-K16295392	C-7161-01-LM6-002	DMSO
BRD-A16296925-001-01-3	BRD-A16296925	C-7161-01-LM6-002	DMSO
BRD-K16444452-001-09-1	BRD-K16444452	C-7161-01-LM6-002	DMSO
BRD-K16508793-001-05-9	BRD-K16508793	C-7161-01-LM6-002	DMSO
BRD-A16665823-001-02-0	BRD-A16665823	C-7161-01-LM6-002	DMSO
BRD-A16347691-001-13-1	BRD-A16347691	C-7161-01-LM6-002	DMSO
BRD-K16542329-001-13-5	BRD-K16542329	C-7161-01-LM6-002	DMSO
BRD-K16730910-001-07-3	BRD-K16730910	C-7161-01-LM6-002	DMSO
BRD-K16732600-001-01-7	BRD-K16732600	C-7161-01-LM6-002	DMSO
BRD-K16761703-001-03-8	BRD-K16761703	C-7161-01-LM6-002	DMSO
BRD-K16898998-001-01-6	BRD-K16898998	C-7161-01-LM6-002	DMSO
BRD-K16757695-050-02-5	BRD-K16757695	C-7161-01-LM6-002	DMSO
BRD-K16762525-001-01-6	BRD-K16762525	C-7161-01-LM6-002	DMSO
BRD-K16803204-001-01-6	BRD-K16803204	C-7161-01-LM6-002	DMSO
BRD-A16997652-001-02-3	BRD-A16997652	C-7161-01-LM6-002	DMSO
BRD-K17026858-001-01-2	BRD-K17026858	C-7161-01-LM6-002	DMSO
BRD-K17075857-001-17-6	BRD-K17075857	C-7161-01-LM6-002	DMSO
BRD-A17411484-001-11-9	BRD-A17411484	C-7161-01-LM6-002	DMSO
BRD-A17462676-003-11-6	BRD-A17462676	C-7161-01-LM6-002	DMSO
BRD-K17068645-003-04-2	BRD-K17068645	C-7161-01-LM6-002	DMSO
BRD-K17203476-001-01-9	BRD-K17203476	C-7161-01-LM6-002	DMSO
BRD-K17498618-344-02-6	BRD-K17498618	C-7161-01-LM6-002	DMSO
BRD-K17500877-001-02-1	BRD-K17500877	C-7161-01-LM6-002	DMSO
BRD-K60230970-001-10-0	BRD-K60230970	C-7161-01-LM6-002	DMSO
BRD-K17561142-003-32-5	BRD-K17561142	C-7161-01-LM6-002	DMSO
BRD-K17705806-003-04-4	BRD-K17705806	C-7161-01-LM6-002	DMSO
BRD-K17513304-001-01-9	BRD-K17513304	C-7161-01-LM6-002	DMSO
BRD-K17555800-003-01-5	BRD-K17555800	C-7161-01-LM6-002	DMSO
BRD-A17655518-001-24-4	BRD-A17655518	C-7161-01-LM6-002	DMSO
BRD-K17743125-001-08-4	BRD-K17743125	C-7161-01-LM6-002	DMSO
BRD-K17849083-001-31-1	BRD-K17849083	C-7161-01-LM6-002	DMSO
BRD-K17894950-001-14-3	BRD-K17894950	C-7161-01-LM6-002	DMSO
BRD-K17944737-001-02-1	BRD-K17944737	C-7161-01-LM6-002	DMSO
BRD-A18043272-001-09-9	BRD-A18043272	C-7161-01-LM6-002	DMSO
BRD-A17883755-001-06-1	BRD-A17883755	C-7161-01-LM6-002	DMSO
BRD-K17930269-001-01-8	BRD-K17930269	C-7161-01-LM6-002	DMSO
BRD-K17953908-001-01-7	BRD-K17953908	C-7161-01-LM6-002	DMSO
BRD-K99964838-001-11-9	BRD-K99964838	C-7161-01-LM6-002	DMSO
BRD-K18194590-065-08-0	BRD-K18194590	C-7161-01-LM6-002	DMSO
BRD-K12184916-001-15-4	BRD-K12184916	C-7161-01-LM6-002	DMSO
BRD-K18673820-001-15-5	BRD-K18673820	C-7161-01-LM6-002	DMSO
BRD-K18157228-001-01-7	BRD-K18157228	C-7161-01-LM6-002	DMSO
BRD-K18324993-001-01-6	BRD-K18324993	C-7161-01-LM6-002	DMSO
BRD-A18620900-001-05-2	BRD-A18620900	C-7161-01-LM6-002	DMSO
BRD-K18678457-003-02-8	BRD-K18678457	C-7161-01-LM6-002	DMSO
		C-7161-01-LM6-014	DMSO
BRD-A61676498-001-06-6	BRD-A61676498	C-7161-01-LM6-014	DMSO
BRD-K55966568-001-05-4	BRD-K55966568	C-7161-01-LM6-014	DMSO
BRD-A56085258-001-01-8	BRD-A56085258	C-7161-01-LM6-014	DMSO
BRD-A55962179-001-22-1	BRD-A55962179	C-7161-01-LM6-014	DMSO
BRD-K56032964-001-02-1	BRD-K56032964	C-7161-01-LM6-014	DMSO
BRD-K56558538-003-11-9	BRD-K56558538	C-7161-01-LM6-014	DMSO
BRD-A56592690-001-04-3	BRD-A56592690	C-7161-01-LM6-014	DMSO
BRD-K56751279-300-01-4	BRD-K56751279	C-7161-01-LM6-014	DMSO
BRD-K57252450-001-02-5	BRD-K57252450	C-7161-01-LM6-014	DMSO
BRD-K50691590-001-02-2	BRD-K50691590	C-7161-01-LM6-014	DMSO
BRD-K56614220-001-19-0	BRD-K56614220	C-7161-01-LM6-014	DMSO
BRD-K57222227-001-30-1	BRD-K57222227	C-7161-01-LM6-014	DMSO
BRD-K57371763-001-01-7	BRD-K57371763	C-7161-01-LM6-014	DMSO
BRD-A57382968-001-29-0	BRD-A57382968	C-7161-01-LM6-014	DMSO
BRD-K58211978-001-01-5	BRD-K58211978	C-7161-01-LM6-014	DMSO
BRD-K58486055-001-02-7	BRD-K58486055	C-7161-01-LM6-014	DMSO
BRD-K58501140-002-01-0	BRD-K58501140	C-7161-01-LM6-014	DMSO
BRD-A59174698-003-18-5	BRD-A59174698	C-7161-01-LM6-014	DMSO
BRD-K58435339-001-03-0	BRD-K58435339	C-7161-01-LM6-014	DMSO
BRD-K59058766-003-21-9	BRD-K59058766	C-7161-01-LM6-014	DMSO
BRD-K59197931-001-04-5	BRD-K59197931	C-7161-01-LM6-014	DMSO
BRD-K59227464-334-02-4	BRD-K59227464	C-7161-01-LM6-014	DMSO
BRD-K59524082-001-01-3	BRD-K59524082	C-7161-01-LM6-014	DMSO
BRD-K60341624-001-02-2	BRD-K60341624	C-7161-01-LM6-014	DMSO
BRD-K59506194-015-04-9	BRD-K59506194	C-7161-01-LM6-014	DMSO
BRD-K59573506-001-01-8	BRD-K59573506	C-7161-01-LM6-014	DMSO
BRD-K59574735-001-11-8	BRD-K59574735	C-7161-01-LM6-014	DMSO
BRD-K60585088-001-01-5	BRD-K60585088	C-7161-01-LM6-014	DMSO
BRD-K60866521-001-07-1	BRD-K60866521	C-7161-01-LM6-014	DMSO
BRD-A55393291-001-09-9	BRD-A55393291	C-7161-01-LM6-014	DMSO
BRD-A56371469-001-03-3	BRD-A56371469	C-7161-01-LM6-014	DMSO
BRD-K56851771-001-06-8	BRD-K56851771	C-7161-01-LM6-014	DMSO
BRD-K60997853-001-02-3	BRD-K60997853	C-7161-01-LM6-014	DMSO
BRD-K55512740-001-01-6	BRD-K55512740	C-7161-01-LM6-014	DMSO
BRD-K57764956-001-02-8	BRD-K57764956	C-7161-01-LM6-014	DMSO
BRD-A58955223-001-03-8	BRD-A58955223	C-7161-01-LM6-014	DMSO
BRD-K60230970-001-10-0	BRD-K60230970	C-7161-01-LM6-014	DMSO
BRD-K37764012-001-04-1	BRD-K37764012	C-7161-01-LM6-014	DMSO
BRD-K38287497-001-01-2	BRD-K38287497	C-7161-01-LM6-014	DMSO
BRD-K59325863-001-02-8	BRD-K59325863	C-7161-01-LM6-014	DMSO
BRD-K37714784-305-02-1	BRD-K37714784	C-7161-01-LM6-014	DMSO
BRD-K61036791-001-01-6	BRD-K61036791	C-7161-01-LM6-014	DMSO
BRD-A38350138-001-04-9	BRD-A38350138	C-7161-01-LM6-014	DMSO
BRD-K37687095-001-06-9	BRD-K37687095	C-7161-01-LM6-014	DMSO
BRD-K38197229-001-29-9	BRD-K38197229	C-7161-01-LM6-014	DMSO
BRD-A39390670-236-10-7	BRD-A39390670	C-7161-01-LM6-014	DMSO
BRD-K39503511-001-03-9	BRD-K39503511	C-7161-01-LM6-014	DMSO
BRD-K37694030-003-12-7	BRD-K37694030	C-7161-01-LM6-014	DMSO
BRD-A38218502-001-01-2	BRD-A38218502	C-7161-01-LM6-014	DMSO
BRD-A39415247-001-10-4	BRD-A39415247	C-7161-01-LM6-014	DMSO
BRD-A39935389-001-05-9	BRD-A39935389	C-7161-01-LM6-014	DMSO
BRD-K40797222-001-01-8	BRD-K40797222	C-7161-01-LM6-014	DMSO
BRD-K41160163-001-06-8	BRD-K41160163	C-7161-01-LM6-014	DMSO
BRD-K41708980-001-01-6	BRD-K41708980	C-7161-01-LM6-014	DMSO
BRD-K41170226-001-13-8	BRD-K41170226	C-7161-01-LM6-014	DMSO
BRD-K40870905-001-01-7	BRD-K40870905	C-7161-01-LM6-014	DMSO
BRD-K41599323-001-02-3	BRD-K41599323	C-7161-01-LM6-014	DMSO
BRD-K41731458-001-15-1	BRD-K41731458	C-7161-01-LM6-014	DMSO
		C-7161-01-LM6-028	DMSO
BRD-K92428153-001-04-4	BRD-K92428153	C-7161-01-LM6-028	DMSO
BRD-K92441787-001-04-1	BRD-K92441787	C-7161-01-LM6-028	DMSO
BRD-A92537424-001-04-7	BRD-A92537424	C-7161-01-LM6-028	DMSO
BRD-K92428232-001-10-6	BRD-K92428232	C-7161-01-LM6-028	DMSO
BRD-K92467929-001-01-1	BRD-K92467929	C-7161-01-LM6-028	DMSO
BRD-K92613113-066-02-7	BRD-K92613113	C-7161-01-LM6-028	DMSO
BRD-K92758126-001-18-8	BRD-K92758126	C-7161-01-LM6-028	DMSO
BRD-K92848252-001-01-9	BRD-K92848252	C-7161-01-LM6-028	DMSO
BRD-K92984783-003-05-7	BRD-K92984783	C-7161-01-LM6-028	DMSO
BRD-K50691590-001-02-2	BRD-K50691590	C-7161-01-LM6-028	DMSO
BRD-A92826379-001-01-5	BRD-A92826379	C-7161-01-LM6-028	DMSO
BRD-K92968657-001-01-6	BRD-K92968657	C-7161-01-LM6-028	DMSO
BRD-A93000692-001-08-1	BRD-A93000692	C-7161-01-LM6-028	DMSO
BRD-A93093700-001-02-9	BRD-A93093700	C-7161-01-LM6-028	DMSO
BRD-A93353767-008-02-2	BRD-A93353767	C-7161-01-LM6-028	DMSO
BRD-K93460210-001-23-7	BRD-K93460210	C-7161-01-LM6-028	DMSO
BRD-K93618743-001-21-0	BRD-K93618743	C-7161-01-LM6-028	DMSO
BRD-K93645900-001-11-3	BRD-K93645900	C-7161-01-LM6-028	DMSO
BRD-A93424738-001-04-8	BRD-A93424738	C-7161-01-LM6-028	DMSO
BRD-K93633846-001-01-7	BRD-K93633846	C-7161-01-LM6-028	DMSO
BRD-K93754473-048-20-2	BRD-K93754473	C-7161-01-LM6-028	DMSO
BRD-K93918653-001-08-9	BRD-K93918653	C-7161-01-LM6-028	DMSO
BRD-A93964801-003-03-3	BRD-A93964801	C-7161-01-LM6-028	DMSO
BRD-K94397152-001-01-6	BRD-K94397152	C-7161-01-LM6-028	DMSO
BRD-K93944989-001-08-0	BRD-K93944989	C-7161-01-LM6-028	DMSO
BRD-A94276798-001-01-4	BRD-A94276798	C-7161-01-LM6-028	DMSO
BRD-K94293891-001-01-3	BRD-K94293891	C-7161-01-LM6-028	DMSO
BRD-K94420399-001-01-9	BRD-K94420399	C-7161-01-LM6-028	DMSO
BRD-K94830329-001-03-0	BRD-K94830329	C-7161-01-LM6-028	DMSO
BRD-K95142244-001-01-5	BRD-K95142244	C-7161-01-LM6-028	DMSO
BRD-K95260951-050-03-1	BRD-K95260951	C-7161-01-LM6-028	DMSO
BRD-A95696066-003-13-8	BRD-A95696066	C-7161-01-LM6-028	DMSO
BRD-A95032015-065-01-2	BRD-A95032015	C-7161-01-LM6-028	DMSO
BRD-K95237249-001-26-5	BRD-K95237249	C-7161-01-LM6-028	DMSO
BRD-K95739795-001-03-7	BRD-K95739795	C-7161-01-LM6-028	DMSO
BRD-K95901403-001-04-5	BRD-K95901403	C-7161-01-LM6-028	DMSO
BRD-K60230970-001-10-0	BRD-K60230970	C-7161-01-LM6-028	DMSO
BRD-K96042922-001-09-8	BRD-K96042922	C-7161-01-LM6-028	DMSO
BRD-K96123349-236-02-8	BRD-K96123349	C-7161-01-LM6-028	DMSO
BRD-K95921201-001-14-6	BRD-K95921201	C-7161-01-LM6-028	DMSO
BRD-K63750851-001-20-7	BRD-K63750851	C-7161-01-LM6-028	DMSO
BRD-A96060515-004-01-6	BRD-A96060515	C-7161-01-LM6-028	DMSO
BRD-A96292436-003-16-1	BRD-A96292436	C-7161-01-LM6-028	DMSO
BRD-K96671969-001-03-1	BRD-K96671969	C-7161-01-LM6-028	DMSO
BRD-K96740444-001-02-1	BRD-K96740444	C-7161-01-LM6-028	DMSO
BRD-K96862998-001-15-5	BRD-K96862998	C-7161-01-LM6-028	DMSO
BRD-K97010173-001-04-1	BRD-K97010173	C-7161-01-LM6-028	DMSO
BRD-K96720755-001-02-6	BRD-K96720755	C-7161-01-LM6-028	DMSO
BRD-A96754982-001-01-4	BRD-A96754982	C-7161-01-LM6-028	DMSO
BRD-K96936751-001-01-4	BRD-K96936751	C-7161-01-LM6-028	DMSO
BRD-K97045029-001-02-7	BRD-K97045029	C-7161-01-LM6-028	DMSO
BRD-K97428065-001-01-2	BRD-K97428065	C-7161-01-LM6-028	DMSO
BRD-K97440753-066-18-1	BRD-K97440753	C-7161-01-LM6-028	DMSO
BRD-A97479839-003-13-3	BRD-A97479839	C-7161-01-LM6-028	DMSO
BRD-K97399794-001-15-3	BRD-K97399794	C-7161-01-LM6-028	DMSO
BRD-A97437073-050-14-5	BRD-A97437073	C-7161-01-LM6-028	DMSO
BRD-K97472745-001-01-8	BRD-K97472745	C-7161-01-LM6-028	DMSO
BRD-A97502381-001-01-3	BRD-A97502381	C-7161-01-LM6-028	DMSO
		C-7161-01-LM6-001	DMSO
BRD-K25114078-003-08-1	BRD-K25114078	C-7161-01-LM6-001	DMSO
BRD-K25204779-001-01-1	BRD-K25204779	C-7161-01-LM6-001	DMSO
BRD-K25361343-001-01-6	BRD-K25361343	C-7161-01-LM6-001	DMSO
BRD-K25140590-001-03-0	BRD-K25140590	C-7161-01-LM6-001	DMSO
BRD-A25234499-001-18-3	BRD-A25234499	C-7161-01-LM6-001	DMSO
BRD-K25394294-001-14-9	BRD-K25394294	C-7161-01-LM6-001	DMSO
BRD-K25650355-065-02-0	BRD-K25650355	C-7161-01-LM6-001	DMSO
BRD-K25943794-001-02-3	BRD-K25943794	C-7161-01-LM6-001	DMSO
BRD-A26032986-050-02-1	BRD-A26032986	C-7161-01-LM6-001	DMSO
BRD-K50691590-001-02-2	BRD-K50691590	C-7161-01-LM6-001	DMSO
BRD-K25837718-001-03-8	BRD-K25837718	C-7161-01-LM6-001	DMSO
BRD-K26011976-001-01-0	BRD-K26011976	C-7161-01-LM6-001	DMSO
BRD-A26095496-001-04-0	BRD-A26095496	C-7161-01-LM6-001	DMSO
BRD-A26334849-001-06-2	BRD-A26334849	C-7161-01-LM6-001	DMSO
BRD-K26603252-003-04-9	BRD-K26603252	C-7161-01-LM6-001	DMSO
BRD-K26657438-001-15-2	BRD-K26657438	C-7161-01-LM6-001	DMSO
BRD-A26690767-066-01-9	BRD-A26690767	C-7161-01-LM6-001	DMSO
BRD-A26711594-003-10-6	BRD-A26711594	C-7161-01-LM6-001	DMSO
BRD-K26619122-001-02-1	BRD-K26619122	C-7161-01-LM6-001	DMSO
BRD-K26701552-001-01-8	BRD-K26701552	C-7161-01-LM6-001	DMSO
BRD-K26712974-001-01-5	BRD-K26712974	C-7161-01-LM6-001	DMSO
BRD-A27376179-001-01-3	BRD-A27376179	C-7161-01-LM6-001	DMSO
BRD-K27938825-001-02-4	BRD-K27938825	C-7161-01-LM6-001	DMSO
BRD-K28183345-003-11-4	BRD-K28183345	C-7161-01-LM6-001	DMSO
BRD-A27732521-003-08-3	BRD-A27732521	C-7161-01-LM6-001	DMSO
BRD-K27955832-001-02-9	BRD-K27955832	C-7161-01-LM6-001	DMSO
BRD-K28143534-003-25-9	BRD-K28143534	C-7161-01-LM6-001	DMSO
BRD-K28217197-001-01-4	BRD-K28217197	C-7161-01-LM6-001	DMSO
BRD-A28467416-002-01-0	BRD-A28467416	C-7161-01-LM6-001	DMSO
BRD-A28545468-003-16-6	BRD-A28545468	C-7161-01-LM6-001	DMSO
BRD-K28731095-001-01-7	BRD-K28731095	C-7161-01-LM6-001	DMSO
BRD-K28761891-001-10-1	BRD-K28761891	C-7161-01-LM6-001	DMSO
BRD-K28542495-003-13-5	BRD-K28542495	C-7161-01-LM6-001	DMSO
BRD-K28667793-001-28-1	BRD-K28667793	C-7161-01-LM6-001	DMSO
BRD-A28787076-001-04-8	BRD-A28787076	C-7161-01-LM6-001	DMSO
BRD-K28971625-003-01-4	BRD-K28971625	C-7161-01-LM6-001	DMSO
BRD-K60230970-001-10-0	BRD-K60230970	C-7161-01-LM6-001	DMSO
BRD-A29289453-001-04-7	BRD-A29289453	C-7161-01-LM6-001	DMSO
BRD-K29322660-001-01-9	BRD-K29322660	C-7161-01-LM6-001	DMSO
BRD-K28984613-001-01-5	BRD-K28984613	C-7161-01-LM6-001	DMSO
BRD-A29260609-003-26-0	BRD-A29260609	C-7161-01-LM6-001	DMSO
BRD-A29322418-237-04-0	BRD-A29322418	C-7161-01-LM6-001	DMSO
BRD-K29359156-001-30-1	BRD-K29359156	C-7161-01-LM6-001	DMSO
BRD-K29582115-066-01-2	BRD-K29582115	C-7161-01-LM6-001	DMSO
BRD-K29653726-001-13-4	BRD-K29653726	C-7161-01-LM6-001	DMSO
BRD-K29673530-001-05-4	BRD-K29673530	C-7161-01-LM6-001	DMSO
BRD-A29734509-011-13-6	BRD-A29734509	C-7161-01-LM6-001	DMSO
BRD-A29623586-001-01-3	BRD-A29623586	C-7161-01-LM6-001	DMSO
BRD-K29656036-001-02-5	BRD-K29656036	C-7161-01-LM6-001	DMSO
BRD-A29731977-001-04-5	BRD-A29731977	C-7161-01-LM6-001	DMSO
BRD-K29735307-001-02-9	BRD-K29735307	C-7161-01-LM6-001	DMSO
BRD-K30126819-304-02-7	BRD-K30126819	C-7161-01-LM6-001	DMSO
BRD-K30421593-050-04-9	BRD-K30421593	C-7161-01-LM6-001	DMSO
BRD-K30480208-001-18-5	BRD-K30480208	C-7161-01-LM6-001	DMSO
BRD-A30051119-002-01-8	BRD-A30051119	C-7161-01-LM6-001	DMSO
BRD-K30331124-001-01-7	BRD-K30331124	C-7161-01-LM6-001	DMSO
BRD-K30466858-001-09-6	BRD-K30466858	C-7161-01-LM6-001	DMSO
BRD-K03842655-001-02-1	BRD-K03842655	C-7161-01-LM6-001	DMSO
		C-7161-01-LM6-015	DMSO
BRD-A55579717-001-04-0	BRD-A55579717	C-7161-01-LM6-015	DMSO
BRD-K55781385-001-01-7	BRD-K55781385	C-7161-01-LM6-015	DMSO
BRD-A55913614-316-09-6	BRD-A55913614	C-7161-01-LM6-015	DMSO
BRD-K55748775-001-02-2	BRD-K55748775	C-7161-01-LM6-015	DMSO
BRD-K55847762-304-01-7	BRD-K55847762	C-7161-01-LM6-015	DMSO
BRD-K55930204-236-24-3	BRD-K55930204	C-7161-01-LM6-015	DMSO
BRD-K56104152-008-04-1	BRD-K56104152	C-7161-01-LM6-015	DMSO
BRD-K56291712-001-01-0	BRD-K56291712	C-7161-01-LM6-015	DMSO
BRD-K56334280-001-05-1	BRD-K56334280	C-7161-01-LM6-015	DMSO
BRD-K50691590-001-02-2	BRD-K50691590	C-7161-01-LM6-015	DMSO
BRD-K56195681-001-01-0	BRD-K56195681	C-7161-01-LM6-015	DMSO
BRD-K56301217-001-07-4	BRD-K56301217	C-7161-01-LM6-015	DMSO
BRD-K56343971-001-10-6	BRD-K56343971	C-7161-01-LM6-015	DMSO
BRD-K56405753-001-02-4	BRD-K56405753	C-7161-01-LM6-015	DMSO
BRD-K56800335-015-04-9	BRD-K56800335	C-7161-01-LM6-015	DMSO
BRD-K56844688-003-01-2	BRD-K56844688	C-7161-01-LM6-015	DMSO
BRD-K56957086-001-06-3	BRD-K56957086	C-7161-01-LM6-015	DMSO
BRD-K57080016-001-15-9	BRD-K57080016	C-7161-01-LM6-015	DMSO
BRD-K56810756-001-03-0	BRD-K56810756	C-7161-01-LM6-015	DMSO
BRD-K57041787-001-02-6	BRD-K57041787	C-7161-01-LM6-015	DMSO
BRD-K57169635-001-04-5	BRD-K57169635	C-7161-01-LM6-015	DMSO
BRD-K57432881-003-21-8	BRD-K57432881	C-7161-01-LM6-015	DMSO
BRD-K57569181-001-27-5	BRD-K57569181	C-7161-01-LM6-015	DMSO
BRD-A58048407-001-18-8	BRD-A58048407	C-7161-01-LM6-015	DMSO
BRD-K57545991-050-23-1	BRD-K57545991	C-7161-01-LM6-015	DMSO
BRD-K57631554-003-06-2	BRD-K57631554	C-7161-01-LM6-015	DMSO
BRD-K58010567-003-02-2	BRD-K58010567	C-7161-01-LM6-015	DMSO
BRD-K58114536-001-01-6	BRD-K58114536	C-7161-01-LM6-015	DMSO
BRD-K77987382-001-13-2	BRD-K77987382	C-7161-01-LM6-015	DMSO
BRD-K58626373-003-07-8	BRD-K58626373	C-7161-01-LM6-015	DMSO
BRD-K58951486-004-01-5	BRD-K58951486	C-7161-01-LM6-015	DMSO
BRD-K59013864-001-01-1	BRD-K59013864	C-7161-01-LM6-015	DMSO
BRD-A58564983-001-04-6	BRD-A58564983	C-7161-01-LM6-015	DMSO
BRD-K58736316-001-09-5	BRD-K58736316	C-7161-01-LM6-015	DMSO
BRD-K59037100-001-14-7	BRD-K59037100	C-7161-01-LM6-015	DMSO
BRD-K59273480-001-10-6	BRD-K59273480	C-7161-01-LM6-015	DMSO
BRD-K60230970-001-10-0	BRD-K60230970	C-7161-01-LM6-015	DMSO
BRD-K59332007-300-02-7	BRD-K59332007	C-7161-01-LM6-015	DMSO
BRD-K59433843-001-01-7	BRD-K59433843	C-7161-01-LM6-015	DMSO
BRD-K59317601-001-05-5	BRD-K59317601	C-7161-01-LM6-015	DMSO
BRD-K59331299-001-01-2	BRD-K59331299	C-7161-01-LM6-015	DMSO
BRD-K59369769-001-20-3	BRD-K59369769	C-7161-01-LM6-015	DMSO
BRD-K59436580-001-01-7	BRD-K59436580	C-7161-01-LM6-015	DMSO
BRD-K59632282-052-03-1	BRD-K59632282	C-7161-01-LM6-015	DMSO
BRD-K59875992-001-01-8	BRD-K59875992	C-7161-01-LM6-015	DMSO
BRD-A51078674-003-01-0	BRD-A51078674	C-7161-01-LM6-015	DMSO
BRD-K60237333-001-27-1	BRD-K60237333	C-7161-01-LM6-015	DMSO
BRD-K59715032-362-01-4	BRD-K59715032	C-7161-01-LM6-015	DMSO
BRD-K59929863-001-01-9	BRD-K59929863	C-7161-01-LM6-015	DMSO
BRD-K60160658-003-11-2	BRD-K60160658	C-7161-01-LM6-015	DMSO
BRD-K60240222-001-01-4	BRD-K60240222	C-7161-01-LM6-015	DMSO
BRD-K61195623-001-01-4	BRD-K61195623	C-7161-01-LM6-015	DMSO
BRD-K61250553-003-32-2	BRD-K61250553	C-7161-01-LM6-015	DMSO
BRD-K61452026-001-04-6	BRD-K61452026	C-7161-01-LM6-015	DMSO
BRD-A61154809-001-15-9	BRD-A61154809	C-7161-01-LM6-015	DMSO
BRD-A61221616-001-04-3	BRD-A61221616	C-7161-01-LM6-015	DMSO
BRD-K61397605-001-03-4	BRD-K61397605	C-7161-01-LM6-015	DMSO
BRD-K61567297-001-01-9	BRD-K61567297	C-7161-01-LM6-015	DMSO
